data	item	value		
1959-03-31 00:00:00	realgdp	2710.349 		
1959-03-31 00:00:00	infl	0.000 		
1959-03-31 00:00:00	unemp	5.800 		
1959-06-30 00:00:00	realgdp	277.801 		
1959-06-30 00:00:00	infl	2.340 		
1959-06-30 00:00:00	unemp	5.100 		
1959-09-30 00:00:00	realgdp	2775.488 		
1959-09-30 00:00:00	infl	2.740 		
1959-09-30 00:00:00	unemp	5.300 		
1959-12-31 00:00:00	realgdp	2785.200 		
1959-12-31 00:00:00	infl	2.553 		
1959-12-31 00:00:00	unemp	5.363 		
1960-03-31 00:00:00	realgdp	2745.356 		
1960-03-31 00:00:00	infl	2.658 		
1960-03-31 00:00:00	unemp	5.660 		
1960-06-30 00:00:00	realgdp	2741.194 		
1960-06-30 00:00:00	infl	2.990 		
1960-06-30 00:00:00	unemp	5.124 		
1960-09-30 00:00:00	realgdp	2776.344 		
1960-09-30 00:00:00	infl	2.767 		
1960-09-30 00:00:00	unemp	5.989 		
1960-12-31 00:00:00	realgdp	2702.405 		
1960-12-31 00:00:00	infl	2.268 		
1960-12-31 00:00:00	unemp	5.475 		
1961-03-31 00:00:00	realgdp	2745.933 		
1961-03-31 00:00:00	infl	2.409 		
1961-03-31 00:00:00	unemp	5.657 		
1961-06-30 00:00:00	realgdp	2790.423 		
1961-06-30 00:00:00	infl	2.767 		
1961-06-30 00:00:00	unemp	5.269 		
1961-09-30 00:00:00	realgdp	2797.978 		
1961-09-30 00:00:00	infl	2.974 		
1961-09-30 00:00:00	unemp	5.853 		
1961-12-31 00:00:00	realgdp	2771.623 		
1961-12-31 00:00:00	infl	2.569 		
1961-12-31 00:00:00	unemp	5.545 		
1962-03-31 00:00:00	realgdp	2748.850 		
1962-03-31 00:00:00	infl	2.163 		
1962-03-31 00:00:00	unemp	5.222 		
1962-06-30 00:00:00	realgdp	2741.519 		
1962-06-30 00:00:00	infl	2.624 		
1962-06-30 00:00:00	unemp	5.058 		
1962-09-30 00:00:00	realgdp	2724.186 		
1962-09-30 00:00:00	infl	2.630 		
1962-09-30 00:00:00	unemp	5.711 		
1962-12-31 00:00:00	realgdp	2738.410 		
1962-12-31 00:00:00	infl	2.691 		
1962-12-31 00:00:00	unemp	5.622 		
1963-03-31 00:00:00	realgdp	2723.358 		
1963-03-31 00:00:00	infl	2.354 		
1963-03-31 00:00:00	unemp	5.447 		
1963-06-30 00:00:00	realgdp	2776.621 		
1963-06-30 00:00:00	infl	2.012 		
1963-06-30 00:00:00	unemp	5.982 		
1963-09-30 00:00:00	realgdp	2772.531 		
1963-09-30 00:00:00	infl	2.968 		
1963-09-30 00:00:00	unemp	5.174 		
1963-12-31 00:00:00	realgdp	2726.999 		
1963-12-31 00:00:00	infl	2.255 		
1963-12-31 00:00:00	unemp	5.589 		
1964-03-31 00:00:00	realgdp	2750.603 		
1964-03-31 00:00:00	infl	2.323 		
1964-03-31 00:00:00	unemp	5.464 		
1964-06-30 00:00:00	realgdp	2798.666 		
1964-06-30 00:00:00	infl	2.270 		
1964-06-30 00:00:00	unemp	5.300 		
1964-09-30 00:00:00	realgdp	2758.608 		
1964-09-30 00:00:00	infl	2.454 		
1964-09-30 00:00:00	unemp	5.704 		
1964-12-31 00:00:00	realgdp	2722.231 		
1964-12-31 00:00:00	infl	2.067 		
1964-12-31 00:00:00	unemp	5.110 		
1965-03-31 00:00:00	realgdp	2798.257 		
1965-03-31 00:00:00	infl	2.777 		
1965-03-31 00:00:00	unemp	5.179 		
1965-06-30 00:00:00	realgdp	2713.076 		
1965-06-30 00:00:00	infl	2.875 		
1965-06-30 00:00:00	unemp	5.922 		
1965-09-30 00:00:00	realgdp	2772.288 		
1965-09-30 00:00:00	infl	2.539 		
1965-09-30 00:00:00	unemp	5.767 		
1965-12-31 00:00:00	realgdp	2702.965 		
1965-12-31 00:00:00	infl	2.660 		
1965-12-31 00:00:00	unemp	5.755 		
1966-03-31 00:00:00	realgdp	2770.979 		
1966-03-31 00:00:00	infl	2.534 		
1966-03-31 00:00:00	unemp	5.472 		
1966-06-30 00:00:00	realgdp	2799.138 		
1966-06-30 00:00:00	infl	2.194 		
1966-06-30 00:00:00	unemp	5.422 		
1966-09-30 00:00:00	realgdp	2799.212 		
1966-09-30 00:00:00	infl	2.683 		
1966-09-30 00:00:00	unemp	5.102 		
1966-12-31 00:00:00	realgdp	2759.463 		
1966-12-31 00:00:00	infl	2.453 		
1966-12-31 00:00:00	unemp	5.024 		
1967-03-31 00:00:00	realgdp	2704.216 		
1967-03-31 00:00:00	infl	2.329 		
1967-03-31 00:00:00	unemp	5.460 		
1967-06-30 00:00:00	realgdp	2767.517 		
1967-06-30 00:00:00	infl	2.370 		
1967-06-30 00:00:00	unemp	5.201 		
1967-09-30 00:00:00	realgdp	2701.306 		
1967-09-30 00:00:00	infl	2.866 		
1967-09-30 00:00:00	unemp	5.309 		
1967-12-31 00:00:00	realgdp	2770.622 		
1967-12-31 00:00:00	infl	2.956 		
1967-12-31 00:00:00	unemp	5.446 		
1968-03-31 00:00:00	realgdp	2776.543 		
1968-03-31 00:00:00	infl	2.983 		
1968-03-31 00:00:00	unemp	5.614 		
1968-06-30 00:00:00	realgdp	2764.224 		
1968-06-30 00:00:00	infl	2.013 		
1968-06-30 00:00:00	unemp	5.934 		
1968-09-30 00:00:00	realgdp	2741.891 		
1968-09-30 00:00:00	infl	2.769 		
1968-09-30 00:00:00	unemp	5.417 		
1968-12-31 00:00:00	realgdp	2729.777 		
1968-12-31 00:00:00	infl	2.464 		
1968-12-31 00:00:00	unemp	5.541 		
1969-03-31 00:00:00	realgdp	2731.794 		
1969-03-31 00:00:00	infl	2.742 		
1969-03-31 00:00:00	unemp	5.655 		
1969-06-30 00:00:00	realgdp	2768.740 		
1969-06-30 00:00:00	infl	2.174 		
1969-06-30 00:00:00	unemp	5.054 		
1969-09-30 00:00:00	realgdp	2738.381 		
1969-09-30 00:00:00	infl	2.525 		
1969-09-30 00:00:00	unemp	5.561 		
1969-12-31 00:00:00	realgdp	2784.583 		
1969-12-31 00:00:00	infl	2.297 		
1969-12-31 00:00:00	unemp	5.351 		
1970-03-31 00:00:00	realgdp	2711.037 		
1970-03-31 00:00:00	infl	2.335 		
1970-03-31 00:00:00	unemp	5.184 		
1970-06-30 00:00:00	realgdp	2763.515 		
1970-06-30 00:00:00	infl	2.078 		
1970-06-30 00:00:00	unemp	5.475 		
1970-09-30 00:00:00	realgdp	2713.835 		
1970-09-30 00:00:00	infl	2.821 		
1970-09-30 00:00:00	unemp	5.681 		
1970-12-31 00:00:00	realgdp	2774.049 		
1970-12-31 00:00:00	infl	2.267 		
1970-12-31 00:00:00	unemp	5.875 		
1971-03-31 00:00:00	realgdp	2799.261 		
1971-03-31 00:00:00	infl	2.604 		
1971-03-31 00:00:00	unemp	5.171 		
1971-06-30 00:00:00	realgdp	2716.859 		
1971-06-30 00:00:00	infl	2.449 		
1971-06-30 00:00:00	unemp	5.958 		
1971-09-30 00:00:00	realgdp	2708.927 		
1971-09-30 00:00:00	infl	2.086 		
1971-09-30 00:00:00	unemp	5.080 		
1971-12-31 00:00:00	realgdp	2772.760 		
1971-12-31 00:00:00	infl	2.151 		
1971-12-31 00:00:00	unemp	5.491 		
1972-03-31 00:00:00	realgdp	2771.342 		
1972-03-31 00:00:00	infl	2.806 		
1972-03-31 00:00:00	unemp	5.707 		
1972-06-30 00:00:00	realgdp	2751.019 		
1972-06-30 00:00:00	infl	2.096 		
1972-06-30 00:00:00	unemp	5.467 		
1972-09-30 00:00:00	realgdp	2768.329 		
1972-09-30 00:00:00	infl	2.998 		
1972-09-30 00:00:00	unemp	5.287 		
1972-12-31 00:00:00	realgdp	2795.986 		
1972-12-31 00:00:00	infl	2.573 		
1972-12-31 00:00:00	unemp	5.092 		
1973-03-31 00:00:00	realgdp	2722.254 		
1973-03-31 00:00:00	infl	2.177 		
1973-03-31 00:00:00	unemp	5.073 		
1973-06-30 00:00:00	realgdp	2705.455 		
1973-06-30 00:00:00	infl	2.281 		
1973-06-30 00:00:00	unemp	5.182 		
1973-09-30 00:00:00	realgdp	2744.254 		
1973-09-30 00:00:00	infl	2.173 		
1973-09-30 00:00:00	unemp	5.531 		
1973-12-31 00:00:00	realgdp	2734.087 		
1973-12-31 00:00:00	infl	2.313 		
1973-12-31 00:00:00	unemp	5.551 		
1974-03-31 00:00:00	realgdp	2790.118 		
1974-03-31 00:00:00	infl	2.930 		
1974-03-31 00:00:00	unemp	5.891 		
1974-06-30 00:00:00	realgdp	2769.218 		
1974-06-30 00:00:00	infl	2.358 		
1974-06-30 00:00:00	unemp	5.670 		
1974-09-30 00:00:00	realgdp	2757.404 		
1974-09-30 00:00:00	infl	2.851 		
1974-09-30 00:00:00	unemp	5.044 		
1974-12-31 00:00:00	realgdp	2700.946 		
1974-12-31 00:00:00	infl	2.475 		
1974-12-31 00:00:00	unemp	5.306 		
1975-03-31 00:00:00	realgdp	2737.295 		
1975-03-31 00:00:00	infl	2.235 		
1975-03-31 00:00:00	unemp	5.667 		
1975-06-30 00:00:00	realgdp	2745.598 		
1975-06-30 00:00:00	infl	2.514 		
1975-06-30 00:00:00	unemp	5.379 		
1975-09-30 00:00:00	realgdp	2750.481 		
1975-09-30 00:00:00	infl	2.459 		
1975-09-30 00:00:00	unemp	5.470 		
1975-12-31 00:00:00	realgdp	2741.686 		
1975-12-31 00:00:00	infl	2.712 		
1975-12-31 00:00:00	unemp	5.500 		
1976-03-31 00:00:00	realgdp	2721.221 		
1976-03-31 00:00:00	infl	2.070 		
1976-03-31 00:00:00	unemp	5.804 		
1976-06-30 00:00:00	realgdp	2722.089 		
1976-06-30 00:00:00	infl	2.335 		
1976-06-30 00:00:00	unemp	5.302 		
1976-09-30 00:00:00	realgdp	2738.924 		
1976-09-30 00:00:00	infl	2.221 		
1976-09-30 00:00:00	unemp	5.242 		
1976-12-31 00:00:00	realgdp	2795.892 		
1976-12-31 00:00:00	infl	2.098 		
1976-12-31 00:00:00	unemp	5.504 		
1977-03-31 00:00:00	realgdp	2723.860 		
1977-03-31 00:00:00	infl	2.438 		
1977-03-31 00:00:00	unemp	5.571 		
1977-06-30 00:00:00	realgdp	2785.859 		
1977-06-30 00:00:00	infl	2.604 		
1977-06-30 00:00:00	unemp	5.168 		
1977-09-30 00:00:00	realgdp	2711.240 		
1977-09-30 00:00:00	infl	2.124 		
1977-09-30 00:00:00	unemp	5.047 		
1977-12-31 00:00:00	realgdp	2779.852 		
1977-12-31 00:00:00	infl	2.630 		
1977-12-31 00:00:00	unemp	5.000 		
1978-03-31 00:00:00	realgdp	2781.439 		
1978-03-31 00:00:00	infl	2.311 		
1978-03-31 00:00:00	unemp	5.440 		
1978-06-30 00:00:00	realgdp	2750.514 		
1978-06-30 00:00:00	infl	2.822 		
1978-06-30 00:00:00	unemp	5.581 		
1978-09-30 00:00:00	realgdp	2702.747 		
1978-09-30 00:00:00	infl	2.695 		
1978-09-30 00:00:00	unemp	5.755 		
1978-12-31 00:00:00	realgdp	2740.711 		
1978-12-31 00:00:00	infl	2.721 		
1978-12-31 00:00:00	unemp	5.066 		
1979-03-31 00:00:00	realgdp	2790.802 		
1979-03-31 00:00:00	infl	2.059 		
1979-03-31 00:00:00	unemp	5.436 		
1979-06-30 00:00:00	realgdp	2788.291 		
1979-06-30 00:00:00	infl	2.862 		
1979-06-30 00:00:00	unemp	5.147 		
1979-09-30 00:00:00	realgdp	2785.785 		
1979-09-30 00:00:00	infl	2.347 		
1979-09-30 00:00:00	unemp	5.449 		
1979-12-31 00:00:00	realgdp	2742.466 		
1979-12-31 00:00:00	infl	2.066 		
1979-12-31 00:00:00	unemp	5.148 		
1980-03-31 00:00:00	realgdp	2793.261 		
1980-03-31 00:00:00	infl	2.823 		
1980-03-31 00:00:00	unemp	5.726 		
1980-06-30 00:00:00	realgdp	2728.254 		
1980-06-30 00:00:00	infl	2.500 		
1980-06-30 00:00:00	unemp	5.712 		
1980-09-30 00:00:00	realgdp	2718.341 		
1980-09-30 00:00:00	infl	2.045 		
1980-09-30 00:00:00	unemp	5.632 		
1980-12-31 00:00:00	realgdp	2763.247 		
1980-12-31 00:00:00	infl	2.198 		
1980-12-31 00:00:00	unemp	5.264 		
1981-03-31 00:00:00	realgdp	2747.887 		
1981-03-31 00:00:00	infl	2.280 		
1981-03-31 00:00:00	unemp	5.992 		
1981-06-30 00:00:00	realgdp	2773.448 		
1981-06-30 00:00:00	infl	2.468 		
1981-06-30 00:00:00	unemp	5.122 		
1981-09-30 00:00:00	realgdp	2780.354 		
1981-09-30 00:00:00	infl	2.175 		
1981-09-30 00:00:00	unemp	5.102 		
1981-12-31 00:00:00	realgdp	2717.521 		
1981-12-31 00:00:00	infl	2.265 		
1981-12-31 00:00:00	unemp	5.334 		
1982-03-31 00:00:00	realgdp	2751.081 		
1982-03-31 00:00:00	infl	2.669 		
1982-03-31 00:00:00	unemp	5.929 		
1982-06-30 00:00:00	realgdp	2762.349 		
1982-06-30 00:00:00	infl	2.796 		
1982-06-30 00:00:00	unemp	5.496 		
1982-09-30 00:00:00	realgdp	2765.688 		
1982-09-30 00:00:00	infl	2.691 		
1982-09-30 00:00:00	unemp	5.617 		
1982-12-31 00:00:00	realgdp	2701.715 		
1982-12-31 00:00:00	infl	2.611 		
1982-12-31 00:00:00	unemp	5.344 		
1983-03-31 00:00:00	realgdp	2769.129 		
1983-03-31 00:00:00	infl	2.092 		
1983-03-31 00:00:00	unemp	5.805 		
1983-06-30 00:00:00	realgdp	2759.455 		
1983-06-30 00:00:00	infl	2.253 		
1983-06-30 00:00:00	unemp	5.287 		
1983-09-30 00:00:00	realgdp	2760.847 		
1983-09-30 00:00:00	infl	2.256 		
1983-09-30 00:00:00	unemp	5.745 		
1983-12-31 00:00:00	realgdp	2735.978 		
1983-12-31 00:00:00	infl	2.864 		
1983-12-31 00:00:00	unemp	5.848 		
1984-03-31 00:00:00	realgdp	2706.221 		
1984-03-31 00:00:00	infl	2.013 		
1984-03-31 00:00:00	unemp	5.929 		
1984-06-30 00:00:00	realgdp	2786.257 		
1984-06-30 00:00:00	infl	2.054 		
1984-06-30 00:00:00	unemp	5.910 		
1984-09-30 00:00:00	realgdp	2772.853 		
1984-09-30 00:00:00	infl	2.218 		
1984-09-30 00:00:00	unemp	5.153 		
1984-12-31 00:00:00	realgdp	2759.831 		
1984-12-31 00:00:00	infl	2.642 		
1984-12-31 00:00:00	unemp	5.252 		
1985-03-31 00:00:00	realgdp	2752.164 		
1985-03-31 00:00:00	infl	2.287 		
1985-03-31 00:00:00	unemp	5.727 		
1985-06-30 00:00:00	realgdp	2771.529 		
1985-06-30 00:00:00	infl	2.334 		
1985-06-30 00:00:00	unemp	5.837 		
1985-09-30 00:00:00	realgdp	2732.505 		
1985-09-30 00:00:00	infl	2.018 		
1985-09-30 00:00:00	unemp	5.083 		
1985-12-31 00:00:00	realgdp	2733.146 		
1985-12-31 00:00:00	infl	2.269 		
1985-12-31 00:00:00	unemp	5.162 		
1986-03-31 00:00:00	realgdp	2756.670 		
1986-03-31 00:00:00	infl	2.345 		
1986-03-31 00:00:00	unemp	5.785 		
1986-06-30 00:00:00	realgdp	2767.029 		
1986-06-30 00:00:00	infl	2.686 		
1986-06-30 00:00:00	unemp	5.052 		
1986-09-30 00:00:00	realgdp	2706.268 		
1986-09-30 00:00:00	infl	2.682 		
1986-09-30 00:00:00	unemp	5.559 		
1986-12-31 00:00:00	realgdp	2702.089 		
1986-12-31 00:00:00	infl	2.018 		
1986-12-31 00:00:00	unemp	5.463 		
1987-03-31 00:00:00	realgdp	2719.389 		
1987-03-31 00:00:00	infl	2.552 		
1987-03-31 00:00:00	unemp	5.394 		
1987-06-30 00:00:00	realgdp	2736.397 		
1987-06-30 00:00:00	infl	2.212 		
1987-06-30 00:00:00	unemp	5.628 		
1987-09-30 00:00:00	realgdp	2784.618 		
1987-09-30 00:00:00	infl	2.372 		
1987-09-30 00:00:00	unemp	5.663 		
1987-12-31 00:00:00	realgdp	2740.920 		
1987-12-31 00:00:00	infl	2.578 		
1987-12-31 00:00:00	unemp	5.577 		
1988-03-31 00:00:00	realgdp	2734.278 		
1988-03-31 00:00:00	infl	2.688 		
1988-03-31 00:00:00	unemp	5.500 		
1988-06-30 00:00:00	realgdp	2719.278 		
1988-06-30 00:00:00	infl	2.188 		
1988-06-30 00:00:00	unemp	5.639 		
1988-09-30 00:00:00	realgdp	2703.659 		
1988-09-30 00:00:00	infl	2.841 		
1988-09-30 00:00:00	unemp	5.040 		
1988-12-31 00:00:00	realgdp	2767.034 		
1988-12-31 00:00:00	infl	2.294 		
1988-12-31 00:00:00	unemp	5.913 		
1989-03-31 00:00:00	realgdp	2768.375 		
1989-03-31 00:00:00	infl	2.125 		
1989-03-31 00:00:00	unemp	5.821 		
1989-06-30 00:00:00	realgdp	2784.302 		
1989-06-30 00:00:00	infl	2.315 		
1989-06-30 00:00:00	unemp	5.557 		
1989-09-30 00:00:00	realgdp	2754.765 		
1989-09-30 00:00:00	infl	2.110 		
1989-09-30 00:00:00	unemp	5.943 		
1989-12-31 00:00:00	realgdp	2753.092 		
1989-12-31 00:00:00	infl	2.621 		
1989-12-31 00:00:00	unemp	5.018 		
1990-03-31 00:00:00	realgdp	2738.220 		
1990-03-31 00:00:00	infl	2.007 		
1990-03-31 00:00:00	unemp	5.484 		
1990-06-30 00:00:00	realgdp	2770.148 		
1990-06-30 00:00:00	infl	2.539 		
1990-06-30 00:00:00	unemp	5.898 		
1990-09-30 00:00:00	realgdp	2704.106 		
1990-09-30 00:00:00	infl	2.953 		
1990-09-30 00:00:00	unemp	5.997 		
1990-12-31 00:00:00	realgdp	2795.235 		
1990-12-31 00:00:00	infl	2.196 		
1990-12-31 00:00:00	unemp	5.637 		
1991-03-31 00:00:00	realgdp	2742.962 		
1991-03-31 00:00:00	infl	2.847 		
1991-03-31 00:00:00	unemp	5.760 		
1991-06-30 00:00:00	realgdp	2758.256 		
1991-06-30 00:00:00	infl	2.466 		
1991-06-30 00:00:00	unemp	5.415 		
1991-09-30 00:00:00	realgdp	2736.329 		
1991-09-30 00:00:00	infl	2.362 		
1991-09-30 00:00:00	unemp	5.411 		
1991-12-31 00:00:00	realgdp	2796.263 		
1991-12-31 00:00:00	infl	2.809 		
1991-12-31 00:00:00	unemp	5.752 		
1992-03-31 00:00:00	realgdp	2712.850 		
1992-03-31 00:00:00	infl	2.014 		
1992-03-31 00:00:00	unemp	5.250 		
1992-06-30 00:00:00	realgdp	2791.602 		
1992-06-30 00:00:00	infl	2.390 		
1992-06-30 00:00:00	unemp	5.761 		
1992-09-30 00:00:00	realgdp	2701.302 		
1992-09-30 00:00:00	infl	2.773 		
1992-09-30 00:00:00	unemp	5.493 		
1992-12-31 00:00:00	realgdp	2750.132 		
1992-12-31 00:00:00	infl	2.198 		
1992-12-31 00:00:00	unemp	5.334 		
1993-03-31 00:00:00	realgdp	2762.043 		
1993-03-31 00:00:00	infl	2.577 		
1993-03-31 00:00:00	unemp	5.268 		
1993-06-30 00:00:00	realgdp	2767.526 		
1993-06-30 00:00:00	infl	2.620 		
1993-06-30 00:00:00	unemp	5.037 		
1993-09-30 00:00:00	realgdp	2730.565 		
1993-09-30 00:00:00	infl	2.928 		
1993-09-30 00:00:00	unemp	5.392 		
1993-12-31 00:00:00	realgdp	2776.652 		
1993-12-31 00:00:00	infl	2.299 		
1993-12-31 00:00:00	unemp	5.438 		
1994-03-31 00:00:00	realgdp	2768.323 		
1994-03-31 00:00:00	infl	2.988 		
1994-03-31 00:00:00	unemp	5.204 		
1994-06-30 00:00:00	realgdp	2707.848 		
1994-06-30 00:00:00	infl	2.001 		
1994-06-30 00:00:00	unemp	5.340 		
1994-09-30 00:00:00	realgdp	2799.565 		
1994-09-30 00:00:00	infl	2.377 		
1994-09-30 00:00:00	unemp	5.806 		
1994-12-31 00:00:00	realgdp	2709.871 		
1994-12-31 00:00:00	infl	2.297 		
1994-12-31 00:00:00	unemp	5.354 		
1995-03-31 00:00:00	realgdp	2736.569 		
1995-03-31 00:00:00	infl	2.417 		
1995-03-31 00:00:00	unemp	5.649 		
1995-06-30 00:00:00	realgdp	2726.655 		
1995-06-30 00:00:00	infl	2.616 		
1995-06-30 00:00:00	unemp	5.058 		
1995-09-30 00:00:00	realgdp	2734.063 		
1995-09-30 00:00:00	infl	2.905 		
1995-09-30 00:00:00	unemp	5.635 		
1995-12-31 00:00:00	realgdp	2716.132 		
1995-12-31 00:00:00	infl	2.345 		
1995-12-31 00:00:00	unemp	5.020 		
1996-03-31 00:00:00	realgdp	2784.506 		
1996-03-31 00:00:00	infl	2.055 		
1996-03-31 00:00:00	unemp	5.713 		
1996-06-30 00:00:00	realgdp	2706.348 		
1996-06-30 00:00:00	infl	2.947 		
1996-06-30 00:00:00	unemp	5.419 		
1996-09-30 00:00:00	realgdp	2778.252 		
1996-09-30 00:00:00	infl	2.354 		
1996-09-30 00:00:00	unemp	6.000 		
1996-12-31 00:00:00	realgdp	2700.024 		
1996-12-31 00:00:00	infl	2.227 		
1996-12-31 00:00:00	unemp	5.826 		
1997-03-31 00:00:00	realgdp	2786.645 		
1997-03-31 00:00:00	infl	2.914 		
1997-03-31 00:00:00	unemp	5.069 		
1997-06-30 00:00:00	realgdp	2752.278 		
1997-06-30 00:00:00	infl	2.415 		
1997-06-30 00:00:00	unemp	5.222 		
1997-09-30 00:00:00	realgdp	2705.180 		
1997-09-30 00:00:00	infl	2.637 		
1997-09-30 00:00:00	unemp	5.332 		
1997-12-31 00:00:00	realgdp	2721.878 		
1997-12-31 00:00:00	infl	2.471 		
1997-12-31 00:00:00	unemp	5.900 		
1998-03-31 00:00:00	realgdp	2766.455 		
1998-03-31 00:00:00	infl	2.176 		
1998-03-31 00:00:00	unemp	5.441 		
1998-06-30 00:00:00	realgdp	2740.651 		
1998-06-30 00:00:00	infl	2.904 		
1998-06-30 00:00:00	unemp	5.444 		
1998-09-30 00:00:00	realgdp	2768.413 		
1998-09-30 00:00:00	infl	2.767 		
1998-09-30 00:00:00	unemp	5.146 		
1998-12-31 00:00:00	realgdp	2700.921 		
1998-12-31 00:00:00	infl	2.751 		
1998-12-31 00:00:00	unemp	5.007 		
1999-03-31 00:00:00	realgdp	2782.448 		
1999-03-31 00:00:00	infl	2.334 		
1999-03-31 00:00:00	unemp	5.835 		
1999-06-30 00:00:00	realgdp	2718.630 		
1999-06-30 00:00:00	infl	2.068 		
1999-06-30 00:00:00	unemp	5.912 		
1999-09-30 00:00:00	realgdp	2764.960 		
1999-09-30 00:00:00	infl	2.498 		
1999-09-30 00:00:00	unemp	5.138 		
1999-12-31 00:00:00	realgdp	2785.195 		
1999-12-31 00:00:00	infl	2.685 		
1999-12-31 00:00:00	unemp	5.124 		
2000-03-31 00:00:00	realgdp	2782.528 		
2000-03-31 00:00:00	infl	2.367 		
2000-03-31 00:00:00	unemp	5.057 		
2000-06-30 00:00:00	realgdp	2750.596 		
2000-06-30 00:00:00	infl	2.986 		
2000-06-30 00:00:00	unemp	5.515 		
2000-09-30 00:00:00	realgdp	2709.331 		
2000-09-30 00:00:00	infl	2.427 		
2000-09-30 00:00:00	unemp	5.651 		
2000-12-31 00:00:00	realgdp	2714.407 		
2000-12-31 00:00:00	infl	2.340 		
2000-12-31 00:00:00	unemp	5.442 		
2001-03-31 00:00:00	realgdp	2708.790 		
2001-03-31 00:00:00	infl	2.304 		
2001-03-31 00:00:00	unemp	5.463 		
2001-06-30 00:00:00	realgdp	2716.110 		
2001-06-30 00:00:00	infl	2.142 		
2001-06-30 00:00:00	unemp	5.010 		
2001-09-30 00:00:00	realgdp	2705.379 		
2001-09-30 00:00:00	infl	2.529 		
2001-09-30 00:00:00	unemp	5.909 		
2001-12-31 00:00:00	realgdp	2751.158 		
2001-12-31 00:00:00	infl	2.560 		
2001-12-31 00:00:00	unemp	5.420 		
2002-03-31 00:00:00	realgdp	2747.962 		
2002-03-31 00:00:00	infl	2.778 		
2002-03-31 00:00:00	unemp	5.896 		
2002-06-30 00:00:00	realgdp	2718.352 		
2002-06-30 00:00:00	infl	2.745 		
2002-06-30 00:00:00	unemp	5.357 		
2002-09-30 00:00:00	realgdp	2700.443 		
2002-09-30 00:00:00	infl	2.686 		
2002-09-30 00:00:00	unemp	5.124 		
2002-12-31 00:00:00	realgdp	2728.814 		
2002-12-31 00:00:00	infl	2.955 		
2002-12-31 00:00:00	unemp	5.423 		
2003-03-31 00:00:00	realgdp	2779.216 		
2003-03-31 00:00:00	infl	2.720 		
2003-03-31 00:00:00	unemp	5.064 		
2003-06-30 00:00:00	realgdp	2747.174 		
2003-06-30 00:00:00	infl	2.257 		
2003-06-30 00:00:00	unemp	5.385 		
2003-09-30 00:00:00	realgdp	2776.335 		
2003-09-30 00:00:00	infl	2.852 		
2003-09-30 00:00:00	unemp	5.389 		
2003-12-31 00:00:00	realgdp	2727.318 		
2003-12-31 00:00:00	infl	2.433 		
2003-12-31 00:00:00	unemp	5.574 		
2004-03-31 00:00:00	realgdp	2730.455 		
2004-03-31 00:00:00	infl	2.703 		
2004-03-31 00:00:00	unemp	5.900 		
2004-06-30 00:00:00	realgdp	2711.816 		
2004-06-30 00:00:00	infl	2.889 		
2004-06-30 00:00:00	unemp	5.078 		
2004-09-30 00:00:00	realgdp	2778.667 		
2004-09-30 00:00:00	infl	2.515 		
2004-09-30 00:00:00	unemp	5.582 		
2004-12-31 00:00:00	realgdp	2769.632 		
2004-12-31 00:00:00	infl	2.587 		
2004-12-31 00:00:00	unemp	5.931 		
2005-03-31 00:00:00	realgdp	2751.277 		
2005-03-31 00:00:00	infl	2.784 		
2005-03-31 00:00:00	unemp	5.292 		
2005-06-30 00:00:00	realgdp	2790.326 		
2005-06-30 00:00:00	infl	2.569 		
2005-06-30 00:00:00	unemp	5.524 		
2005-09-30 00:00:00	realgdp	2704.169 		
2005-09-30 00:00:00	infl	2.108 		
2005-09-30 00:00:00	unemp	5.706 		
2005-12-31 00:00:00	realgdp	2737.425 		
2005-12-31 00:00:00	infl	2.812 		
2005-12-31 00:00:00	unemp	5.112 		
2006-03-31 00:00:00	realgdp	2748.886 		
2006-03-31 00:00:00	infl	2.988 		
2006-03-31 00:00:00	unemp	5.993 		
2006-06-30 00:00:00	realgdp	2732.484 		
2006-06-30 00:00:00	infl	2.200 		
2006-06-30 00:00:00	unemp	5.911 		
2006-09-30 00:00:00	realgdp	2731.072 		
2006-09-30 00:00:00	infl	2.448 		
2006-09-30 00:00:00	unemp	5.286 		
2006-12-31 00:00:00	realgdp	2784.333 		
2006-12-31 00:00:00	infl	2.445 		
2006-12-31 00:00:00	unemp	5.326 		
2007-03-31 00:00:00	realgdp	2728.028 		
2007-03-31 00:00:00	infl	2.435 		
2007-03-31 00:00:00	unemp	5.601 		
2007-06-30 00:00:00	realgdp	2751.141 		
2007-06-30 00:00:00	infl	2.899 		
2007-06-30 00:00:00	unemp	5.583 		
2007-09-30 00:00:00	realgdp	2712.455 		
2007-09-30 00:00:00	infl	2.869 		
2007-09-30 00:00:00	unemp	5.342 		
2007-12-31 00:00:00	realgdp	2781.098 		
2007-12-31 00:00:00	infl	2.036 		
2007-12-31 00:00:00	unemp	5.911 		
2008-03-31 00:00:00	realgdp	2790.300 		
2008-03-31 00:00:00	infl	2.483 		
2008-03-31 00:00:00	unemp	5.401 		
2008-06-30 00:00:00	realgdp	2780.065 		
2008-06-30 00:00:00	infl	2.026 		
2008-06-30 00:00:00	unemp	5.697 		
2008-09-30 00:00:00	realgdp	2737.305 		
2008-09-30 00:00:00	infl	2.972 		
2008-09-30 00:00:00	unemp	5.423 		
2008-12-31 00:00:00	realgdp	2792.448 		
2008-12-31 00:00:00	infl	2.317 		
2008-12-31 00:00:00	unemp	5.494 		
2009-03-31 00:00:00	realgdp	2710.392 		
2009-03-31 00:00:00	infl	2.134 		
2009-03-31 00:00:00	unemp	5.616 		
2009-06-30 00:00:00	realgdp	2712.759 		
2009-06-30 00:00:00	infl	2.498 		
2009-06-30 00:00:00	unemp	5.632 		
2009-09-30 00:00:00	realgdp	2720.607 		
2009-09-30 00:00:00	infl	2.582 		
2009-09-30 00:00:00	unemp	5.611 		
2009-12-31 00:00:00	realgdp	2721.765 		
2009-12-31 00:00:00	infl	2.355 		
2009-12-31 00:00:00	unemp	5.026 		
2010-03-31 00:00:00	realgdp	2781.619 		
2010-03-31 00:00:00	infl	2.087 		
2010-03-31 00:00:00	unemp	5.621 		
2010-06-30 00:00:00	realgdp	2760.676 		
2010-06-30 00:00:00	infl	2.433 		
2010-06-30 00:00:00	unemp	5.084 		
2010-09-30 00:00:00	realgdp	2726.543 		
2010-09-30 00:00:00	infl	2.055 		
2010-09-30 00:00:00	unemp	5.312 		
2010-12-31 00:00:00	realgdp	2700.257 		
2010-12-31 00:00:00	infl	2.864 		
2010-12-31 00:00:00	unemp	5.942 		
2011-03-31 00:00:00	realgdp	2724.941 		
2011-03-31 00:00:00	infl	2.223 		
2011-03-31 00:00:00	unemp	5.316 		
2011-06-30 00:00:00	realgdp	2796.944 		
2011-06-30 00:00:00	infl	2.484 		
2011-06-30 00:00:00	unemp	5.452 		
2011-09-30 00:00:00	realgdp	2738.669 		
2011-09-30 00:00:00	infl	2.868 		
2011-09-30 00:00:00	unemp	5.401 		
2011-12-31 00:00:00	realgdp	2737.255 		
2011-12-31 00:00:00	infl	2.537 		
2011-12-31 00:00:00	unemp	5.542 		
2012-03-31 00:00:00	realgdp	2751.882 		
2012-03-31 00:00:00	infl	2.048 		
2012-03-31 00:00:00	unemp	5.856 		
2012-06-30 00:00:00	realgdp	2773.716 		
2012-06-30 00:00:00	infl	2.822 		
2012-06-30 00:00:00	unemp	5.986 		
2012-09-30 00:00:00	realgdp	2718.763 		
2012-09-30 00:00:00	infl	2.258 		
2012-09-30 00:00:00	unemp	5.479 		
2012-12-31 00:00:00	realgdp	2766.967 		
2012-12-31 00:00:00	infl	2.195 		
2012-12-31 00:00:00	unemp	5.353 		
2013-03-31 00:00:00	realgdp	2766.678 		
2013-03-31 00:00:00	infl	2.169 		
2013-03-31 00:00:00	unemp	5.096 		
2013-06-30 00:00:00	realgdp	2748.104 		
2013-06-30 00:00:00	infl	2.443 		
2013-06-30 00:00:00	unemp	5.374 		
2013-09-30 00:00:00	realgdp	2789.664 		
2013-09-30 00:00:00	infl	2.744 		
2013-09-30 00:00:00	unemp	5.153 		
2013-12-31 00:00:00	realgdp	2788.436 		
2013-12-31 00:00:00	infl	2.323 		
2013-12-31 00:00:00	unemp	5.664 		
2014-03-31 00:00:00	realgdp	2746.681 		
2014-03-31 00:00:00	infl	2.783 		
2014-03-31 00:00:00	unemp	5.530 		
2014-06-30 00:00:00	realgdp	2709.192 		
2014-06-30 00:00:00	infl	2.197 		
2014-06-30 00:00:00	unemp	5.086 		
2014-09-30 00:00:00	realgdp	2739.550 		
2014-09-30 00:00:00	infl	2.078 		
2014-09-30 00:00:00	unemp	5.402 		
2014-12-31 00:00:00	realgdp	2737.695 		
2014-12-31 00:00:00	infl	2.710 		
2014-12-31 00:00:00	unemp	5.523 		
2015-03-31 00:00:00	realgdp	2767.063 		
2015-03-31 00:00:00	infl	2.369 		
2015-03-31 00:00:00	unemp	5.385 		
2015-06-30 00:00:00	realgdp	2797.632 		
2015-06-30 00:00:00	infl	2.209 		
2015-06-30 00:00:00	unemp	5.150 		
2015-09-30 00:00:00	realgdp	2794.563 		
2015-09-30 00:00:00	infl	2.316 		
2015-09-30 00:00:00	unemp	5.567 		
2015-12-31 00:00:00	realgdp	2740.032 		
2015-12-31 00:00:00	infl	2.754 		
2015-12-31 00:00:00	unemp	5.403 		
2016-03-31 00:00:00	realgdp	2768.619 		
2016-03-31 00:00:00	infl	2.400 		
2016-03-31 00:00:00	unemp	5.016 		
2016-06-30 00:00:00	realgdp	2744.947 		
2016-06-30 00:00:00	infl	2.296 		
2016-06-30 00:00:00	unemp	5.289 		
2016-09-30 00:00:00	realgdp	2751.847 		
2016-09-30 00:00:00	infl	2.328 		
2016-09-30 00:00:00	unemp	5.801 		
2016-12-31 00:00:00	realgdp	2741.513 		
2016-12-31 00:00:00	infl	2.873 		
2016-12-31 00:00:00	unemp	5.418 		
2017-03-31 00:00:00	realgdp	2796.652 		
2017-03-31 00:00:00	infl	2.558 		
2017-03-31 00:00:00	unemp	5.713 		
2017-06-30 00:00:00	realgdp	2718.036 		
2017-06-30 00:00:00	infl	2.586 		
2017-06-30 00:00:00	unemp	5.892 		
2017-09-30 00:00:00	realgdp	2751.574 		
2017-09-30 00:00:00	infl	2.229 		
2017-09-30 00:00:00	unemp	5.743 		
2017-12-31 00:00:00	realgdp	2775.767 		
2017-12-31 00:00:00	infl	2.435 		
2017-12-31 00:00:00	unemp	5.724 		
2018-03-31 00:00:00	realgdp	2799.646 		
2018-03-31 00:00:00	infl	2.168 		
2018-03-31 00:00:00	unemp	5.054 		
2018-06-30 00:00:00	realgdp	2749.216 		
2018-06-30 00:00:00	infl	2.992 		
2018-06-30 00:00:00	unemp	5.096 		
2018-09-30 00:00:00	realgdp	2754.106 		
2018-09-30 00:00:00	infl	2.110 		
2018-09-30 00:00:00	unemp	5.238 		
2018-12-31 00:00:00	realgdp	2732.490 		
2018-12-31 00:00:00	infl	2.752 		
2018-12-31 00:00:00	unemp	5.070 		
2019-03-31 00:00:00	realgdp	2737.932 		
2019-03-31 00:00:00	infl	2.318 		
2019-03-31 00:00:00	unemp	5.788 		
2019-06-30 00:00:00	realgdp	2707.057 		
2019-06-30 00:00:00	infl	2.298 		
2019-06-30 00:00:00	unemp	5.716 		
2019-09-30 00:00:00	realgdp	2746.898 		
2019-09-30 00:00:00	infl	2.108 		
2019-09-30 00:00:00	unemp	5.407 		
2019-12-31 00:00:00	realgdp	2742.072 		
2019-12-31 00:00:00	infl	2.089 		
2019-12-31 00:00:00	unemp	5.391 		
2020-03-31 00:00:00	realgdp	2759.334 		
2020-03-31 00:00:00	infl	2.981 		
2020-03-31 00:00:00	unemp	5.520 		
2020-06-30 00:00:00	realgdp	2755.716 		
2020-06-30 00:00:00	infl	2.377 		
2020-06-30 00:00:00	unemp	5.391 		
2020-09-30 00:00:00	realgdp	2794.295 		
2020-09-30 00:00:00	infl	2.015 		
2020-09-30 00:00:00	unemp	5.241 		
2020-12-31 00:00:00	realgdp	2777.733 		
2020-12-31 00:00:00	infl	2.258 		
2020-12-31 00:00:00	unemp	5.117 		
2021-03-31 00:00:00	realgdp	2787.346 		
2021-03-31 00:00:00	infl	2.922 		
2021-03-31 00:00:00	unemp	5.346 		
2021-06-30 00:00:00	realgdp	2717.419 		
2021-06-30 00:00:00	infl	2.290 		
2021-06-30 00:00:00	unemp	5.748 		
2021-09-30 00:00:00	realgdp	2771.183 		
2021-09-30 00:00:00	infl	2.147 		
2021-09-30 00:00:00	unemp	5.542 		
2021-12-31 00:00:00	realgdp	2737.234 		
2021-12-31 00:00:00	infl	2.927 		
2021-12-31 00:00:00	unemp	5.568 		
2022-03-31 00:00:00	realgdp	2775.486 		
2022-03-31 00:00:00	infl	2.866 		
2022-03-31 00:00:00	unemp	5.426 		
2022-06-30 00:00:00	realgdp	2788.531 		
2022-06-30 00:00:00	infl	2.758 		
2022-06-30 00:00:00	unemp	5.083 		
2022-09-30 00:00:00	realgdp	2728.515 		
2022-09-30 00:00:00	infl	2.494 		
2022-09-30 00:00:00	unemp	5.238 		
2022-12-31 00:00:00	realgdp	2759.803 		
2022-12-31 00:00:00	infl	2.855 		
2022-12-31 00:00:00	unemp	5.421 		
2023-03-31 00:00:00	realgdp	2731.643 		
2023-03-31 00:00:00	infl	2.816 		
2023-03-31 00:00:00	unemp	5.820 		
2023-06-30 00:00:00	realgdp	2718.946 		
2023-06-30 00:00:00	infl	2.337 		
2023-06-30 00:00:00	unemp	5.548 		
2023-09-30 00:00:00	realgdp	2779.071 		
2023-09-30 00:00:00	infl	2.018 		
2023-09-30 00:00:00	unemp	5.970 		
2023-12-31 00:00:00	realgdp	2784.287 		
2023-12-31 00:00:00	infl	2.200 		
2023-12-31 00:00:00	unemp	5.602 		
2024-03-31 00:00:00	realgdp	2768.677 		
2024-03-31 00:00:00	infl	2.244 		
2024-03-31 00:00:00	unemp	5.060 		
2024-06-30 00:00:00	realgdp	2744.589 		
2024-06-30 00:00:00	infl	2.336 		
2024-06-30 00:00:00	unemp	5.148 		
2024-09-30 00:00:00	realgdp	2725.165 		
2024-09-30 00:00:00	infl	2.921 		
2024-09-30 00:00:00	unemp	5.577 		
2024-12-31 00:00:00	realgdp	2712.316 		
2024-12-31 00:00:00	infl	2.499 		
2024-12-31 00:00:00	unemp	5.612 		
2025-03-31 00:00:00	realgdp	2719.451 		
2025-03-31 00:00:00	infl	2.892 		
2025-03-31 00:00:00	unemp	5.732 		
2025-06-30 00:00:00	realgdp	2734.955 		
2025-06-30 00:00:00	infl	2.437 		
2025-06-30 00:00:00	unemp	5.329 		
2025-09-30 00:00:00	realgdp	2749.112 		
2025-09-30 00:00:00	infl	2.977 		
2025-09-30 00:00:00	unemp	5.586 		
2025-12-31 00:00:00	realgdp	2703.001 		
2025-12-31 00:00:00	infl	2.223 		
2025-12-31 00:00:00	unemp	5.313 		
2026-03-31 00:00:00	realgdp	2713.824 		
2026-03-31 00:00:00	infl	2.585 		
2026-03-31 00:00:00	unemp	5.614 		
2026-06-30 00:00:00	realgdp	2760.658 		
2026-06-30 00:00:00	infl	2.125 		
2026-06-30 00:00:00	unemp	5.510 		
2026-09-30 00:00:00	realgdp	2794.644 		
2026-09-30 00:00:00	infl	2.869 		
2026-09-30 00:00:00	unemp	5.602 		
2026-12-31 00:00:00	realgdp	2724.358 		
2026-12-31 00:00:00	infl	2.680 		
2026-12-31 00:00:00	unemp	5.242 		
2027-03-31 00:00:00	realgdp	2780.245 		
2027-03-31 00:00:00	infl	2.078 		
2027-03-31 00:00:00	unemp	5.759 		
2027-06-30 00:00:00	realgdp	2717.953 		
2027-06-30 00:00:00	infl	2.343 		
2027-06-30 00:00:00	unemp	5.483 		
2027-09-30 00:00:00	realgdp	2740.637 		
2027-09-30 00:00:00	infl	2.516 		
2027-09-30 00:00:00	unemp	5.148 		
2027-12-31 00:00:00	realgdp	2793.628 		
2027-12-31 00:00:00	infl	2.098 		
2027-12-31 00:00:00	unemp	5.390 		
2028-03-31 00:00:00	realgdp	2756.916 		
2028-03-31 00:00:00	infl	2.045 		
2028-03-31 00:00:00	unemp	5.744 		
2028-06-30 00:00:00	realgdp	2794.902 		
2028-06-30 00:00:00	infl	2.324 		
2028-06-30 00:00:00	unemp	5.797 		
2028-09-30 00:00:00	realgdp	2717.443 		
2028-09-30 00:00:00	infl	2.922 		
2028-09-30 00:00:00	unemp	5.753 		
2028-12-31 00:00:00	realgdp	2727.988 		
2028-12-31 00:00:00	infl	2.653 		
2028-12-31 00:00:00	unemp	5.281 		
2029-03-31 00:00:00	realgdp	2722.597 		
2029-03-31 00:00:00	infl	2.857 		
2029-03-31 00:00:00	unemp	5.296 		
2029-06-30 00:00:00	realgdp	2701.564 		
2029-06-30 00:00:00	infl	2.586 		
2029-06-30 00:00:00	unemp	5.314 		
2029-09-30 00:00:00	realgdp	2773.434 		
2029-09-30 00:00:00	infl	2.327 		
2029-09-30 00:00:00	unemp	5.479 		
2029-12-31 00:00:00	realgdp	2772.782 		
2029-12-31 00:00:00	infl	2.751 		
2029-12-31 00:00:00	unemp	5.723 		
2030-03-31 00:00:00	realgdp	2766.649 		
2030-03-31 00:00:00	infl	2.348 		
2030-03-31 00:00:00	unemp	5.428 		
2030-06-30 00:00:00	realgdp	2725.291 		
2030-06-30 00:00:00	infl	2.800 		
2030-06-30 00:00:00	unemp	5.996 		
2030-09-30 00:00:00	realgdp	2733.087 		
2030-09-30 00:00:00	infl	2.013 		
2030-09-30 00:00:00	unemp	5.527 		
2030-12-31 00:00:00	realgdp	2743.829 		
2030-12-31 00:00:00	infl	2.822 		
2030-12-31 00:00:00	unemp	5.414 		
2031-03-31 00:00:00	realgdp	2773.793 		
2031-03-31 00:00:00	infl	2.211 		
2031-03-31 00:00:00	unemp	5.992 		
2031-06-30 00:00:00	realgdp	2793.967 		
2031-06-30 00:00:00	infl	2.653 		
2031-06-30 00:00:00	unemp	5.399 		
2031-09-30 00:00:00	realgdp	2700.437 		
2031-09-30 00:00:00	infl	2.352 		
2031-09-30 00:00:00	unemp	5.926 		
2031-12-31 00:00:00	realgdp	2764.749 		
2031-12-31 00:00:00	infl	2.423 		
2031-12-31 00:00:00	unemp	5.739 		
2032-03-31 00:00:00	realgdp	2797.892 		
2032-03-31 00:00:00	infl	2.857 		
2032-03-31 00:00:00	unemp	5.941 		
2032-06-30 00:00:00	realgdp	2788.114 		
2032-06-30 00:00:00	infl	2.970 		
2032-06-30 00:00:00	unemp	5.208 		
2032-09-30 00:00:00	realgdp	2748.714 		
2032-09-30 00:00:00	infl	2.830 		
2032-09-30 00:00:00	unemp	5.800 		
2032-12-31 00:00:00	realgdp	2799.620 		
2032-12-31 00:00:00	infl	2.951 		
2032-12-31 00:00:00	unemp	5.577 		
2033-03-31 00:00:00	realgdp	2797.445 		
2033-03-31 00:00:00	infl	2.273 		
2033-03-31 00:00:00	unemp	5.494 		
2033-06-30 00:00:00	realgdp	2709.442 		
2033-06-30 00:00:00	infl	2.591 		
2033-06-30 00:00:00	unemp	5.996 		
2033-09-30 00:00:00	realgdp	2703.446 		
2033-09-30 00:00:00	infl	2.999 		
2033-09-30 00:00:00	unemp	5.855 		
2033-12-31 00:00:00	realgdp	2706.012 		
2033-12-31 00:00:00	infl	2.974 		
2033-12-31 00:00:00	unemp	5.078 		
2034-03-31 00:00:00	realgdp	2725.049 		
2034-03-31 00:00:00	infl	2.128 		
2034-03-31 00:00:00	unemp	5.448 		
2034-06-30 00:00:00	realgdp	2791.498 		
2034-06-30 00:00:00	infl	2.118 		
2034-06-30 00:00:00	unemp	5.605 		
2034-09-30 00:00:00	realgdp	2741.912 		
2034-09-30 00:00:00	infl	2.262 		
2034-09-30 00:00:00	unemp	5.798 		
2034-12-31 00:00:00	realgdp	2769.334 		
2034-12-31 00:00:00	infl	2.134 		
2034-12-31 00:00:00	unemp	5.373 		
2035-03-31 00:00:00	realgdp	2767.084 		
2035-03-31 00:00:00	infl	2.994 		
2035-03-31 00:00:00	unemp	5.182 		
2035-06-30 00:00:00	realgdp	2705.584 		
2035-06-30 00:00:00	infl	2.627 		
2035-06-30 00:00:00	unemp	5.130 		
2035-09-30 00:00:00	realgdp	2789.479 		
2035-09-30 00:00:00	infl	2.844 		
2035-09-30 00:00:00	unemp	5.960 		
2035-12-31 00:00:00	realgdp	2728.948 		
2035-12-31 00:00:00	infl	2.532 		
2035-12-31 00:00:00	unemp	5.527 		
2036-03-31 00:00:00	realgdp	2796.965 		
2036-03-31 00:00:00	infl	2.656 		
2036-03-31 00:00:00	unemp	5.840 		
2036-06-30 00:00:00	realgdp	2750.622 		
2036-06-30 00:00:00	infl	2.684 		
2036-06-30 00:00:00	unemp	5.532 		
2036-09-30 00:00:00	realgdp	2734.233 		
2036-09-30 00:00:00	infl	2.830 		
2036-09-30 00:00:00	unemp	5.541 		
2036-12-31 00:00:00	realgdp	2709.462 		
2036-12-31 00:00:00	infl	2.155 		
2036-12-31 00:00:00	unemp	5.608 		
2037-03-31 00:00:00	realgdp	2717.414 		
2037-03-31 00:00:00	infl	2.138 		
2037-03-31 00:00:00	unemp	5.482 		
2037-06-30 00:00:00	realgdp	2795.102 		
2037-06-30 00:00:00	infl	2.216 		
2037-06-30 00:00:00	unemp	5.523 		
2037-09-30 00:00:00	realgdp	2718.530 		
2037-09-30 00:00:00	infl	2.470 		
2037-09-30 00:00:00	unemp	5.629 		
2037-12-31 00:00:00	realgdp	2788.640 		
2037-12-31 00:00:00	infl	2.423 		
2037-12-31 00:00:00	unemp	5.800 		
2038-03-31 00:00:00	realgdp	2759.357 		
2038-03-31 00:00:00	infl	2.136 		
2038-03-31 00:00:00	unemp	5.333 		
2038-06-30 00:00:00	realgdp	2758.217 		
2038-06-30 00:00:00	infl	2.493 		
2038-06-30 00:00:00	unemp	5.678 		
2038-09-30 00:00:00	realgdp	2721.527 		
2038-09-30 00:00:00	infl	2.354 		
2038-09-30 00:00:00	unemp	5.705 		
2038-12-31 00:00:00	realgdp	2715.365 		
2038-12-31 00:00:00	infl	2.169 		
2038-12-31 00:00:00	unemp	5.113 		
2039-03-31 00:00:00	realgdp	2732.087 		
2039-03-31 00:00:00	infl	2.075 		
2039-03-31 00:00:00	unemp	5.368 		
2039-06-30 00:00:00	realgdp	2758.409 		
2039-06-30 00:00:00	infl	2.112 		
2039-06-30 00:00:00	unemp	5.177 		
2039-09-30 00:00:00	realgdp	2796.558 		
2039-09-30 00:00:00	infl	2.714 		
2039-09-30 00:00:00	unemp	5.040 		
2039-12-31 00:00:00	realgdp	2749.162 		
2039-12-31 00:00:00	infl	2.079 		
2039-12-31 00:00:00	unemp	5.354 		
2040-03-31 00:00:00	realgdp	2793.039 		
2040-03-31 00:00:00	infl	2.651 		
2040-03-31 00:00:00	unemp	5.230 		
2040-06-30 00:00:00	realgdp	2719.087 		
2040-06-30 00:00:00	infl	2.903 		
2040-06-30 00:00:00	unemp	5.522 		
2040-09-30 00:00:00	realgdp	2731.620 		
2040-09-30 00:00:00	infl	2.323 		
2040-09-30 00:00:00	unemp	5.974 		
2040-12-31 00:00:00	realgdp	2711.479 		
2040-12-31 00:00:00	infl	2.260 		
2040-12-31 00:00:00	unemp	5.311 		
2041-03-31 00:00:00	realgdp	2764.379 		
2041-03-31 00:00:00	infl	2.460 		
2041-03-31 00:00:00	unemp	5.661 		
2041-06-30 00:00:00	realgdp	2738.334 		
2041-06-30 00:00:00	infl	2.074 		
2041-06-30 00:00:00	unemp	5.736 		
2041-09-30 00:00:00	realgdp	2717.297 		
2041-09-30 00:00:00	infl	2.615 		
2041-09-30 00:00:00	unemp	5.793 		
2041-12-31 00:00:00	realgdp	2744.569 		
2041-12-31 00:00:00	infl	2.621 		
2041-12-31 00:00:00	unemp	5.872 		
2042-03-31 00:00:00	realgdp	2741.519 		
2042-03-31 00:00:00	infl	2.406 		
2042-03-31 00:00:00	unemp	5.876 		
2042-06-30 00:00:00	realgdp	2767.444 		
2042-06-30 00:00:00	infl	2.475 		
2042-06-30 00:00:00	unemp	5.499 		
2042-09-30 00:00:00	realgdp	2729.248 		
2042-09-30 00:00:00	infl	2.936 		
2042-09-30 00:00:00	unemp	5.808 		
2042-12-31 00:00:00	realgdp	2719.135 		
2042-12-31 00:00:00	infl	2.982 		
2042-12-31 00:00:00	unemp	5.632 		
2043-03-31 00:00:00	realgdp	2798.038 		
2043-03-31 00:00:00	infl	2.533 		
2043-03-31 00:00:00	unemp	5.692 		
2043-06-30 00:00:00	realgdp	2769.254 		
2043-06-30 00:00:00	infl	2.296 		
2043-06-30 00:00:00	unemp	5.482 		
2043-09-30 00:00:00	realgdp	2704.010 		
2043-09-30 00:00:00	infl	2.050 		
2043-09-30 00:00:00	unemp	5.498 		
2043-12-31 00:00:00	realgdp	2782.264 		
2043-12-31 00:00:00	infl	2.421 		
2043-12-31 00:00:00	unemp	5.137 		
2044-03-31 00:00:00	realgdp	2777.970 		
2044-03-31 00:00:00	infl	2.799 		
2044-03-31 00:00:00	unemp	5.253 		
2044-06-30 00:00:00	realgdp	2704.391 		
2044-06-30 00:00:00	infl	2.195 		
2044-06-30 00:00:00	unemp	5.217 		
2044-09-30 00:00:00	realgdp	2746.111 		
2044-09-30 00:00:00	infl	2.327 		
2044-09-30 00:00:00	unemp	5.617 		
2044-12-31 00:00:00	realgdp	2798.983 		
2044-12-31 00:00:00	infl	2.251 		
2044-12-31 00:00:00	unemp	5.193 		
2045-03-31 00:00:00	realgdp	2706.778 		
2045-03-31 00:00:00	infl	2.861 		
2045-03-31 00:00:00	unemp	5.304 		
2045-06-30 00:00:00	realgdp	2715.671 		
2045-06-30 00:00:00	infl	2.160 		
2045-06-30 00:00:00	unemp	5.437 		
2045-09-30 00:00:00	realgdp	2707.191 		
2045-09-30 00:00:00	infl	2.996 		
2045-09-30 00:00:00	unemp	5.119 		
2045-12-31 00:00:00	realgdp	2785.249 		
2045-12-31 00:00:00	infl	2.785 		
2045-12-31 00:00:00	unemp	5.039 		
2046-03-31 00:00:00	realgdp	2757.112 		
2046-03-31 00:00:00	infl	2.336 		
2046-03-31 00:00:00	unemp	5.185 		
2046-06-30 00:00:00	realgdp	2722.324 		
2046-06-30 00:00:00	infl	2.064 		
2046-06-30 00:00:00	unemp	5.142 		
2046-09-30 00:00:00	realgdp	2762.772 		
2046-09-30 00:00:00	infl	2.925 		
2046-09-30 00:00:00	unemp	5.190 		
2046-12-31 00:00:00	realgdp	2738.199 		
2046-12-31 00:00:00	infl	2.178 		
2046-12-31 00:00:00	unemp	5.461 		
2047-03-31 00:00:00	realgdp	2712.547 		
2047-03-31 00:00:00	infl	2.773 		
2047-03-31 00:00:00	unemp	5.662 		
2047-06-30 00:00:00	realgdp	2792.478 		
2047-06-30 00:00:00	infl	2.921 		
2047-06-30 00:00:00	unemp	5.764 		
2047-09-30 00:00:00	realgdp	2765.448 		
2047-09-30 00:00:00	infl	2.157 		
2047-09-30 00:00:00	unemp	5.566 		
2047-12-31 00:00:00	realgdp	2727.963 		
2047-12-31 00:00:00	infl	2.703 		
2047-12-31 00:00:00	unemp	5.807 		
2048-03-31 00:00:00	realgdp	2764.118 		
2048-03-31 00:00:00	infl	2.356 		
2048-03-31 00:00:00	unemp	5.454 		
2048-06-30 00:00:00	realgdp	2737.422 		
2048-06-30 00:00:00	infl	2.728 		
2048-06-30 00:00:00	unemp	5.035 		
2048-09-30 00:00:00	realgdp	2752.830 		
2048-09-30 00:00:00	infl	2.059 		
2048-09-30 00:00:00	unemp	5.304 		
2048-12-31 00:00:00	realgdp	2726.505 		
2048-12-31 00:00:00	infl	2.505 		
2048-12-31 00:00:00	unemp	5.483 		
2049-03-31 00:00:00	realgdp	2780.649 		
2049-03-31 00:00:00	infl	2.866 		
2049-03-31 00:00:00	unemp	5.099 		
2049-06-30 00:00:00	realgdp	2786.894 		
2049-06-30 00:00:00	infl	2.586 		
2049-06-30 00:00:00	unemp	5.909 		
2049-09-30 00:00:00	realgdp	2777.831 		
2049-09-30 00:00:00	infl	2.690 		
2049-09-30 00:00:00	unemp	5.178 		
2049-12-31 00:00:00	realgdp	2766.446 		
2049-12-31 00:00:00	infl	2.709 		
2049-12-31 00:00:00	unemp	5.517 		
2050-03-31 00:00:00	realgdp	2752.091 		
2050-03-31 00:00:00	infl	2.909 		
2050-03-31 00:00:00	unemp	5.803 		
2050-06-30 00:00:00	realgdp	2705.034 		
2050-06-30 00:00:00	infl	2.937 		
2050-06-30 00:00:00	unemp	5.127 		
2050-09-30 00:00:00	realgdp	2741.812 		
2050-09-30 00:00:00	infl	2.364 		
2050-09-30 00:00:00	unemp	5.514 		
2050-12-31 00:00:00	realgdp	2702.588 		
2050-12-31 00:00:00	infl	2.988 		
2050-12-31 00:00:00	unemp	5.845 		
2051-03-31 00:00:00	realgdp	2763.920 		
2051-03-31 00:00:00	infl	2.301 		
2051-03-31 00:00:00	unemp	5.287 		
2051-06-30 00:00:00	realgdp	2761.101 		
2051-06-30 00:00:00	infl	2.307 		
2051-06-30 00:00:00	unemp	5.875 		
2051-09-30 00:00:00	realgdp	2715.105 		
2051-09-30 00:00:00	infl	2.425 		
2051-09-30 00:00:00	unemp	5.807 		
2051-12-31 00:00:00	realgdp	2746.443 		
2051-12-31 00:00:00	infl	2.585 		
2051-12-31 00:00:00	unemp	5.981 		
2052-03-31 00:00:00	realgdp	2719.127 		
2052-03-31 00:00:00	infl	2.198 		
2052-03-31 00:00:00	unemp	5.875 		
2052-06-30 00:00:00	realgdp	2794.434 		
2052-06-30 00:00:00	infl	2.497 		
2052-06-30 00:00:00	unemp	5.097 		
2052-09-30 00:00:00	realgdp	2736.357 		
2052-09-30 00:00:00	infl	2.543 		
2052-09-30 00:00:00	unemp	5.659 		
2052-12-31 00:00:00	realgdp	2703.601 		
2052-12-31 00:00:00	infl	3.000 		
2052-12-31 00:00:00	unemp	5.510 		
2053-03-31 00:00:00	realgdp	2754.824 		
2053-03-31 00:00:00	infl	2.095 		
2053-03-31 00:00:00	unemp	5.534 		
2053-06-30 00:00:00	realgdp	2763.483 		
2053-06-30 00:00:00	infl	2.796 		
2053-06-30 00:00:00	unemp	5.720 		
2053-09-30 00:00:00	realgdp	2736.412 		
2053-09-30 00:00:00	infl	2.076 		
2053-09-30 00:00:00	unemp	5.700 		
2053-12-31 00:00:00	realgdp	2706.732 		
2053-12-31 00:00:00	infl	2.287 		
2053-12-31 00:00:00	unemp	5.392 		
2054-03-31 00:00:00	realgdp	2707.513 		
2054-03-31 00:00:00	infl	2.379 		
2054-03-31 00:00:00	unemp	5.130 		
2054-06-30 00:00:00	realgdp	2788.643 		
2054-06-30 00:00:00	infl	2.528 		
2054-06-30 00:00:00	unemp	5.861 		
2054-09-30 00:00:00	realgdp	2756.369 		
2054-09-30 00:00:00	infl	2.654 		
2054-09-30 00:00:00	unemp	5.462 		
2054-12-31 00:00:00	realgdp	2711.601 		
2054-12-31 00:00:00	infl	2.736 		
2054-12-31 00:00:00	unemp	5.692 		
2055-03-31 00:00:00	realgdp	2745.927 		
2055-03-31 00:00:00	infl	2.220 		
2055-03-31 00:00:00	unemp	5.704 		
2055-06-30 00:00:00	realgdp	2738.582 		
2055-06-30 00:00:00	infl	2.553 		
2055-06-30 00:00:00	unemp	5.734 		
2055-09-30 00:00:00	realgdp	2755.754 		
2055-09-30 00:00:00	infl	2.804 		
2055-09-30 00:00:00	unemp	5.004 		
2055-12-31 00:00:00	realgdp	2762.478 		
2055-12-31 00:00:00	infl	2.209 		
2055-12-31 00:00:00	unemp	5.233 		
2056-03-31 00:00:00	realgdp	2754.858 		
2056-03-31 00:00:00	infl	2.581 		
2056-03-31 00:00:00	unemp	5.232 		
2056-06-30 00:00:00	realgdp	2791.459 		
2056-06-30 00:00:00	infl	2.108 		
2056-06-30 00:00:00	unemp	5.340 		
2056-09-30 00:00:00	realgdp	2773.135 		
2056-09-30 00:00:00	infl	2.727 		
2056-09-30 00:00:00	unemp	5.755 		
2056-12-31 00:00:00	realgdp	2735.685 		
2056-12-31 00:00:00	infl	2.974 		
2056-12-31 00:00:00	unemp	5.801 		
2057-03-31 00:00:00	realgdp	2777.631 		
2057-03-31 00:00:00	infl	2.573 		
2057-03-31 00:00:00	unemp	5.686 		
2057-06-30 00:00:00	realgdp	2769.787 		
2057-06-30 00:00:00	infl	2.688 		
2057-06-30 00:00:00	unemp	5.269 		
2057-09-30 00:00:00	realgdp	2714.137 		
2057-09-30 00:00:00	infl	2.390 		
2057-09-30 00:00:00	unemp	5.887 		
2057-12-31 00:00:00	realgdp	2780.435 		
2057-12-31 00:00:00	infl	2.320 		
2057-12-31 00:00:00	unemp	5.485 		
2058-03-31 00:00:00	realgdp	2780.117 		
2058-03-31 00:00:00	infl	2.054 		
2058-03-31 00:00:00	unemp	5.719 		
2058-06-30 00:00:00	realgdp	2732.968 		
2058-06-30 00:00:00	infl	2.026 		
2058-06-30 00:00:00	unemp	5.231 		
2058-09-30 00:00:00	realgdp	2738.941 		
2058-09-30 00:00:00	infl	2.592 		
2058-09-30 00:00:00	unemp	5.566 		
2058-12-31 00:00:00	realgdp	2738.057 		
2058-12-31 00:00:00	infl	2.015 		
2058-12-31 00:00:00	unemp	5.134 		
2059-03-31 00:00:00	realgdp	2748.311 		
2059-03-31 00:00:00	infl	2.917 		
2059-03-31 00:00:00	unemp	5.781 		
2059-06-30 00:00:00	realgdp	2753.362 		
2059-06-30 00:00:00	infl	2.119 		
2059-06-30 00:00:00	unemp	5.189 		
2059-09-30 00:00:00	realgdp	2704.315 		
2059-09-30 00:00:00	infl	2.478 		
2059-09-30 00:00:00	unemp	5.290 		
2059-12-31 00:00:00	realgdp	2778.213 		
2059-12-31 00:00:00	infl	2.431 		
2059-12-31 00:00:00	unemp	5.257 		
2060-03-31 00:00:00	realgdp	2725.539 		
2060-03-31 00:00:00	infl	2.825 		
2060-03-31 00:00:00	unemp	5.305 		
2060-06-30 00:00:00	realgdp	2779.326 		
2060-06-30 00:00:00	infl	2.110 		
2060-06-30 00:00:00	unemp	5.337 		
2060-09-30 00:00:00	realgdp	2747.775 		
2060-09-30 00:00:00	infl	2.028 		
2060-09-30 00:00:00	unemp	5.006 		
2060-12-31 00:00:00	realgdp	2786.855 		
2060-12-31 00:00:00	infl	2.971 		
2060-12-31 00:00:00	unemp	5.178 		
2061-03-31 00:00:00	realgdp	2727.015 		
2061-03-31 00:00:00	infl	2.080 		
2061-03-31 00:00:00	unemp	5.585 		
2061-06-30 00:00:00	realgdp	2713.116 		
2061-06-30 00:00:00	infl	2.028 		
2061-06-30 00:00:00	unemp	5.737 		
2061-09-30 00:00:00	realgdp	2763.850 		
2061-09-30 00:00:00	infl	2.193 		
2061-09-30 00:00:00	unemp	5.106 		
2061-12-31 00:00:00	realgdp	2753.472 		
2061-12-31 00:00:00	infl	2.809 		
2061-12-31 00:00:00	unemp	5.342 		
2062-03-31 00:00:00	realgdp	2789.936 		
2062-03-31 00:00:00	infl	2.942 		
2062-03-31 00:00:00	unemp	5.703 		
2062-06-30 00:00:00	realgdp	2764.270 		
2062-06-30 00:00:00	infl	2.633 		
2062-06-30 00:00:00	unemp	5.477 		
2062-09-30 00:00:00	realgdp	2757.683 		
2062-09-30 00:00:00	infl	2.811 		
2062-09-30 00:00:00	unemp	5.306 		
2062-12-31 00:00:00	realgdp	2718.760 		
2062-12-31 00:00:00	infl	2.795 		
2062-12-31 00:00:00	unemp	5.252 		
2063-03-31 00:00:00	realgdp	2777.296 		
2063-03-31 00:00:00	infl	2.823 		
2063-03-31 00:00:00	unemp	5.382 		
2063-06-30 00:00:00	realgdp	2777.653 		
2063-06-30 00:00:00	infl	2.185 		
2063-06-30 00:00:00	unemp	5.227 		
2063-09-30 00:00:00	realgdp	2714.409 		
2063-09-30 00:00:00	infl	2.276 		
2063-09-30 00:00:00	unemp	5.181 		
2063-12-31 00:00:00	realgdp	2741.020 		
2063-12-31 00:00:00	infl	2.087 		
2063-12-31 00:00:00	unemp	5.191 		
2064-03-31 00:00:00	realgdp	2796.106 		
2064-03-31 00:00:00	infl	2.466 		
2064-03-31 00:00:00	unemp	5.086 		
2064-06-30 00:00:00	realgdp	2726.296 		
2064-06-30 00:00:00	infl	2.949 		
2064-06-30 00:00:00	unemp	5.998 		
2064-09-30 00:00:00	realgdp	2757.993 		
2064-09-30 00:00:00	infl	2.459 		
2064-09-30 00:00:00	unemp	5.881 		
2064-12-31 00:00:00	realgdp	2771.802 		
2064-12-31 00:00:00	infl	2.594 		
2064-12-31 00:00:00	unemp	5.026 		
2065-03-31 00:00:00	realgdp	2706.871 		
2065-03-31 00:00:00	infl	2.728 		
2065-03-31 00:00:00	unemp	5.001 		
2065-06-30 00:00:00	realgdp	2769.768 		
2065-06-30 00:00:00	infl	2.395 		
2065-06-30 00:00:00	unemp	5.597 		
2065-09-30 00:00:00	realgdp	2763.784 		
2065-09-30 00:00:00	infl	2.798 		
2065-09-30 00:00:00	unemp	5.393 		
2065-12-31 00:00:00	realgdp	2720.660 		
2065-12-31 00:00:00	infl	2.540 		
2065-12-31 00:00:00	unemp	5.858 		
2066-03-31 00:00:00	realgdp	2785.490 		
2066-03-31 00:00:00	infl	2.469 		
2066-03-31 00:00:00	unemp	5.084 		
2066-06-30 00:00:00	realgdp	2757.244 		
2066-06-30 00:00:00	infl	2.219 		
2066-06-30 00:00:00	unemp	5.489 		
2066-09-30 00:00:00	realgdp	2774.557 		
2066-09-30 00:00:00	infl	2.138 		
2066-09-30 00:00:00	unemp	5.002 		
2066-12-31 00:00:00	realgdp	2745.970 		
2066-12-31 00:00:00	infl	2.520 		
2066-12-31 00:00:00	unemp	5.251 		
2067-03-31 00:00:00	realgdp	2762.175 		
2067-03-31 00:00:00	infl	2.264 		
2067-03-31 00:00:00	unemp	5.651 		
2067-06-30 00:00:00	realgdp	2785.012 		
2067-06-30 00:00:00	infl	2.580 		
2067-06-30 00:00:00	unemp	5.715 		
2067-09-30 00:00:00	realgdp	2729.307 		
2067-09-30 00:00:00	infl	2.973 		
2067-09-30 00:00:00	unemp	5.017 		
2067-12-31 00:00:00	realgdp	2761.289 		
2067-12-31 00:00:00	infl	2.909 		
2067-12-31 00:00:00	unemp	5.387 		
2068-03-31 00:00:00	realgdp	2772.627 		
2068-03-31 00:00:00	infl	2.084 		
2068-03-31 00:00:00	unemp	5.994 		
2068-06-30 00:00:00	realgdp	2763.907 		
2068-06-30 00:00:00	infl	2.950 		
2068-06-30 00:00:00	unemp	5.882 		
2068-09-30 00:00:00	realgdp	2769.872 		
2068-09-30 00:00:00	infl	2.889 		
2068-09-30 00:00:00	unemp	5.510 		
2068-12-31 00:00:00	realgdp	2703.684 		
2068-12-31 00:00:00	infl	2.258 		
2068-12-31 00:00:00	unemp	5.333 		
2069-03-31 00:00:00	realgdp	2714.494 		
2069-03-31 00:00:00	infl	2.530 		
2069-03-31 00:00:00	unemp	5.716 		
2069-06-30 00:00:00	realgdp	2739.507 		
2069-06-30 00:00:00	infl	2.090 		
2069-06-30 00:00:00	unemp	5.880 		
2069-09-30 00:00:00	realgdp	2750.541 		
2069-09-30 00:00:00	infl	2.428 		
2069-09-30 00:00:00	unemp	5.191 		
2069-12-31 00:00:00	realgdp	2703.377 		
2069-12-31 00:00:00	infl	2.684 		
2069-12-31 00:00:00	unemp	5.739 		
2070-03-31 00:00:00	realgdp	2705.811 		
2070-03-31 00:00:00	infl	2.869 		
2070-03-31 00:00:00	unemp	5.655 		
2070-06-30 00:00:00	realgdp	2779.413 		
2070-06-30 00:00:00	infl	2.879 		
2070-06-30 00:00:00	unemp	5.945 		
2070-09-30 00:00:00	realgdp	2765.728 		
2070-09-30 00:00:00	infl	2.831 		
2070-09-30 00:00:00	unemp	5.405 		
2070-12-31 00:00:00	realgdp	2716.884 		
2070-12-31 00:00:00	infl	2.669 		
2070-12-31 00:00:00	unemp	5.665 		
2071-03-31 00:00:00	realgdp	2704.239 		
2071-03-31 00:00:00	infl	2.989 		
2071-03-31 00:00:00	unemp	5.589 		
2071-06-30 00:00:00	realgdp	2759.695 		
2071-06-30 00:00:00	infl	2.114 		
2071-06-30 00:00:00	unemp	5.883 		
2071-09-30 00:00:00	realgdp	2773.313 		
2071-09-30 00:00:00	infl	2.284 		
2071-09-30 00:00:00	unemp	5.897 		
2071-12-31 00:00:00	realgdp	2744.822 		
2071-12-31 00:00:00	infl	2.854 		
2071-12-31 00:00:00	unemp	5.344 		
2072-03-31 00:00:00	realgdp	2708.681 		
2072-03-31 00:00:00	infl	2.100 		
2072-03-31 00:00:00	unemp	5.017 		
2072-06-30 00:00:00	realgdp	2732.560 		
2072-06-30 00:00:00	infl	2.964 		
2072-06-30 00:00:00	unemp	5.500 		
2072-09-30 00:00:00	realgdp	2730.011 		
2072-09-30 00:00:00	infl	2.751 		
2072-09-30 00:00:00	unemp	5.983 		
2072-12-31 00:00:00	realgdp	2783.828 		
2072-12-31 00:00:00	infl	2.284 		
2072-12-31 00:00:00	unemp	5.758 		
2073-03-31 00:00:00	realgdp	2731.723 		
2073-03-31 00:00:00	infl	2.778 		
2073-03-31 00:00:00	unemp	5.115 		
2073-06-30 00:00:00	realgdp	2745.734 		
2073-06-30 00:00:00	infl	2.687 		
2073-06-30 00:00:00	unemp	5.336 		
2073-09-30 00:00:00	realgdp	2758.492 		
2073-09-30 00:00:00	infl	2.950 		
2073-09-30 00:00:00	unemp	5.271 		
2073-12-31 00:00:00	realgdp	2722.638 		
2073-12-31 00:00:00	infl	2.260 		
2073-12-31 00:00:00	unemp	5.115 		
2074-03-31 00:00:00	realgdp	2770.965 		
2074-03-31 00:00:00	infl	2.026 		
2074-03-31 00:00:00	unemp	5.127 		
2074-06-30 00:00:00	realgdp	2719.586 		
2074-06-30 00:00:00	infl	2.198 		
2074-06-30 00:00:00	unemp	5.475 		
2074-09-30 00:00:00	realgdp	2757.975 		
2074-09-30 00:00:00	infl	2.676 		
2074-09-30 00:00:00	unemp	5.972 		
2074-12-31 00:00:00	realgdp	2712.882 		
2074-12-31 00:00:00	infl	2.919 		
2074-12-31 00:00:00	unemp	5.274 		
2075-03-31 00:00:00	realgdp	2721.342 		
2075-03-31 00:00:00	infl	2.967 		
2075-03-31 00:00:00	unemp	5.046 		
2075-06-30 00:00:00	realgdp	2791.712 		
2075-06-30 00:00:00	infl	2.729 		
2075-06-30 00:00:00	unemp	5.945 		
2075-09-30 00:00:00	realgdp	2712.658 		
2075-09-30 00:00:00	infl	2.500 		
2075-09-30 00:00:00	unemp	5.485 		
2075-12-31 00:00:00	realgdp	2748.631 		
2075-12-31 00:00:00	infl	2.208 		
2075-12-31 00:00:00	unemp	5.826 		
2076-03-31 00:00:00	realgdp	2732.358 		
2076-03-31 00:00:00	infl	2.480 		
2076-03-31 00:00:00	unemp	5.093 		
2076-06-30 00:00:00	realgdp	2784.287 		
2076-06-30 00:00:00	infl	2.083 		
2076-06-30 00:00:00	unemp	5.679 		
2076-09-30 00:00:00	realgdp	2711.929 		
2076-09-30 00:00:00	infl	2.913 		
2076-09-30 00:00:00	unemp	5.791 		
2076-12-31 00:00:00	realgdp	2703.157 		
2076-12-31 00:00:00	infl	2.679 		
2076-12-31 00:00:00	unemp	5.458 		
2077-03-31 00:00:00	realgdp	2741.750 		
2077-03-31 00:00:00	infl	2.034 		
2077-03-31 00:00:00	unemp	5.335 		
2077-06-30 00:00:00	realgdp	2769.966 		
2077-06-30 00:00:00	infl	2.268 		
2077-06-30 00:00:00	unemp	5.389 		
2077-09-30 00:00:00	realgdp	2727.660 		
2077-09-30 00:00:00	infl	2.268 		
2077-09-30 00:00:00	unemp	5.297 		
2077-12-31 00:00:00	realgdp	2711.702 		
2077-12-31 00:00:00	infl	2.081 		
2077-12-31 00:00:00	unemp	5.838 		
2078-03-31 00:00:00	realgdp	2797.249 		
2078-03-31 00:00:00	infl	2.167 		
2078-03-31 00:00:00	unemp	5.401 		
2078-06-30 00:00:00	realgdp	2720.935 		
2078-06-30 00:00:00	infl	2.041 		
2078-06-30 00:00:00	unemp	5.343 		
2078-09-30 00:00:00	realgdp	2756.577 		
2078-09-30 00:00:00	infl	2.655 		
2078-09-30 00:00:00	unemp	5.389 		
2078-12-31 00:00:00	realgdp	2712.009 		
2078-12-31 00:00:00	infl	2.576 		
2078-12-31 00:00:00	unemp	5.688 		
2079-03-31 00:00:00	realgdp	2777.151 		
2079-03-31 00:00:00	infl	2.336 		
2079-03-31 00:00:00	unemp	5.795 		
2079-06-30 00:00:00	realgdp	2728.748 		
2079-06-30 00:00:00	infl	2.680 		
2079-06-30 00:00:00	unemp	5.017 		
2079-09-30 00:00:00	realgdp	2798.354 		
2079-09-30 00:00:00	infl	2.718 		
2079-09-30 00:00:00	unemp	5.068 		
2079-12-31 00:00:00	realgdp	2793.907 		
2079-12-31 00:00:00	infl	2.510 		
2079-12-31 00:00:00	unemp	5.452 		
2080-03-31 00:00:00	realgdp	2735.239 		
2080-03-31 00:00:00	infl	2.889 		
2080-03-31 00:00:00	unemp	5.367 		
2080-06-30 00:00:00	realgdp	2798.692 		
2080-06-30 00:00:00	infl	2.955 		
2080-06-30 00:00:00	unemp	5.340 		
2080-09-30 00:00:00	realgdp	2771.749 		
2080-09-30 00:00:00	infl	2.631 		
2080-09-30 00:00:00	unemp	5.615 		
2080-12-31 00:00:00	realgdp	2766.178 		
2080-12-31 00:00:00	infl	2.149 		
2080-12-31 00:00:00	unemp	5.381 		
2081-03-31 00:00:00	realgdp	2713.467 		
2081-03-31 00:00:00	infl	2.662 		
2081-03-31 00:00:00	unemp	5.686 		
2081-06-30 00:00:00	realgdp	2730.584 		
2081-06-30 00:00:00	infl	2.990 		
2081-06-30 00:00:00	unemp	5.470 		
2081-09-30 00:00:00	realgdp	2702.561 		
2081-09-30 00:00:00	infl	2.593 		
2081-09-30 00:00:00	unemp	5.385 		
2081-12-31 00:00:00	realgdp	2715.870 		
2081-12-31 00:00:00	infl	2.530 		
2081-12-31 00:00:00	unemp	5.872 		
2082-03-31 00:00:00	realgdp	2779.547 		
2082-03-31 00:00:00	infl	2.651 		
2082-03-31 00:00:00	unemp	5.081 		
2082-06-30 00:00:00	realgdp	2711.089 		
2082-06-30 00:00:00	infl	2.847 		
2082-06-30 00:00:00	unemp	5.707 		
2082-09-30 00:00:00	realgdp	2766.654 		
2082-09-30 00:00:00	infl	2.395 		
2082-09-30 00:00:00	unemp	5.928 		
2082-12-31 00:00:00	realgdp	2702.150 		
2082-12-31 00:00:00	infl	2.872 		
2082-12-31 00:00:00	unemp	5.651 		
2083-03-31 00:00:00	realgdp	2707.269 		
2083-03-31 00:00:00	infl	2.600 		
2083-03-31 00:00:00	unemp	5.213 		
2083-06-30 00:00:00	realgdp	2715.499 		
2083-06-30 00:00:00	infl	2.058 		
2083-06-30 00:00:00	unemp	5.271 		
2083-09-30 00:00:00	realgdp	2764.310 		
2083-09-30 00:00:00	infl	2.983 		
2083-09-30 00:00:00	unemp	5.521 		
2083-12-31 00:00:00	realgdp	2789.463 		
2083-12-31 00:00:00	infl	2.910 		
2083-12-31 00:00:00	unemp	5.969 		
2084-03-31 00:00:00	realgdp	2773.305 		
2084-03-31 00:00:00	infl	2.061 		
2084-03-31 00:00:00	unemp	5.746 		
2084-06-30 00:00:00	realgdp	2709.683 		
2084-06-30 00:00:00	infl	2.605 		
2084-06-30 00:00:00	unemp	5.809 		
2084-09-30 00:00:00	realgdp	2792.189 		
2084-09-30 00:00:00	infl	2.251 		
2084-09-30 00:00:00	unemp	5.074 		
2084-12-31 00:00:00	realgdp	2783.542 		
2084-12-31 00:00:00	infl	2.631 		
2084-12-31 00:00:00	unemp	5.594 		
2085-03-31 00:00:00	realgdp	2725.417 		
2085-03-31 00:00:00	infl	2.890 		
2085-03-31 00:00:00	unemp	5.271 		
2085-06-30 00:00:00	realgdp	2713.962 		
2085-06-30 00:00:00	infl	2.871 		
2085-06-30 00:00:00	unemp	5.653 		
2085-09-30 00:00:00	realgdp	2717.936 		
2085-09-30 00:00:00	infl	2.673 		
2085-09-30 00:00:00	unemp	5.056 		
2085-12-31 00:00:00	realgdp	2747.717 		
2085-12-31 00:00:00	infl	2.525 		
2085-12-31 00:00:00	unemp	5.614 		
2086-03-31 00:00:00	realgdp	2747.047 		
2086-03-31 00:00:00	infl	2.556 		
2086-03-31 00:00:00	unemp	5.615 		
2086-06-30 00:00:00	realgdp	2789.075 		
2086-06-30 00:00:00	infl	2.006 		
2086-06-30 00:00:00	unemp	5.077 		
2086-09-30 00:00:00	realgdp	2778.112 		
2086-09-30 00:00:00	infl	2.035 		
2086-09-30 00:00:00	unemp	5.289 		
2086-12-31 00:00:00	realgdp	2774.199 		
2086-12-31 00:00:00	infl	2.305 		
2086-12-31 00:00:00	unemp	5.009 		
2087-03-31 00:00:00	realgdp	2764.679 		
2087-03-31 00:00:00	infl	2.036 		
2087-03-31 00:00:00	unemp	5.709 		
2087-06-30 00:00:00	realgdp	2713.199 		
2087-06-30 00:00:00	infl	2.896 		
2087-06-30 00:00:00	unemp	5.379 		
2087-09-30 00:00:00	realgdp	2724.954 		
2087-09-30 00:00:00	infl	2.909 		
2087-09-30 00:00:00	unemp	5.600 		
2087-12-31 00:00:00	realgdp	2776.888 		
2087-12-31 00:00:00	infl	2.507 		
2087-12-31 00:00:00	unemp	5.992 		
2088-03-31 00:00:00	realgdp	2726.630 		
2088-03-31 00:00:00	infl	2.219 		
2088-03-31 00:00:00	unemp	5.655 		
2088-06-30 00:00:00	realgdp	2711.149 		
2088-06-30 00:00:00	infl	2.502 		
2088-06-30 00:00:00	unemp	5.294 		
2088-09-30 00:00:00	realgdp	2724.195 		
2088-09-30 00:00:00	infl	2.941 		
2088-09-30 00:00:00	unemp	5.620 		
2088-12-31 00:00:00	realgdp	2758.881 		
2088-12-31 00:00:00	infl	2.607 		
2088-12-31 00:00:00	unemp	5.600 		
2089-03-31 00:00:00	realgdp	2758.122 		
2089-03-31 00:00:00	infl	2.585 		
2089-03-31 00:00:00	unemp	5.025 		
2089-06-30 00:00:00	realgdp	2765.060 		
2089-06-30 00:00:00	infl	2.023 		
2089-06-30 00:00:00	unemp	5.752 		
2089-09-30 00:00:00	realgdp	2754.900 		
2089-09-30 00:00:00	infl	2.461 		
2089-09-30 00:00:00	unemp	5.970 		
2089-12-31 00:00:00	realgdp	2793.373 		
2089-12-31 00:00:00	infl	2.042 		
2089-12-31 00:00:00	unemp	5.515 		
2090-03-31 00:00:00	realgdp	2760.216 		
2090-03-31 00:00:00	infl	2.231 		
2090-03-31 00:00:00	unemp	5.825 		
2090-06-30 00:00:00	realgdp	2700.208 		
2090-06-30 00:00:00	infl	2.567 		
2090-06-30 00:00:00	unemp	5.112 		
2090-09-30 00:00:00	realgdp	2719.565 		
2090-09-30 00:00:00	infl	2.678 		
2090-09-30 00:00:00	unemp	5.186 		
2090-12-31 00:00:00	realgdp	2760.329 		
2090-12-31 00:00:00	infl	2.896 		
2090-12-31 00:00:00	unemp	5.368 		
2091-03-31 00:00:00	realgdp	2795.928 		
2091-03-31 00:00:00	infl	2.145 		
2091-03-31 00:00:00	unemp	5.350 		
2091-06-30 00:00:00	realgdp	2720.805 		
2091-06-30 00:00:00	infl	2.569 		
2091-06-30 00:00:00	unemp	5.641 		
2091-09-30 00:00:00	realgdp	2741.430 		
2091-09-30 00:00:00	infl	2.446 		
2091-09-30 00:00:00	unemp	5.567 		
2091-12-31 00:00:00	realgdp	2728.417 		
2091-12-31 00:00:00	infl	2.774 		
2091-12-31 00:00:00	unemp	5.887 		
2092-03-31 00:00:00	realgdp	2795.914 		
2092-03-31 00:00:00	infl	2.047 		
2092-03-31 00:00:00	unemp	5.155 		
2092-06-30 00:00:00	realgdp	2762.482 		
2092-06-30 00:00:00	infl	2.281 		
2092-06-30 00:00:00	unemp	5.498 		
2092-09-30 00:00:00	realgdp	2746.791 		
2092-09-30 00:00:00	infl	2.215 		
2092-09-30 00:00:00	unemp	5.052 		
2092-12-31 00:00:00	realgdp	2706.054 		
2092-12-31 00:00:00	infl	2.275 		
2092-12-31 00:00:00	unemp	5.689 		
2093-03-31 00:00:00	realgdp	2790.210 		
2093-03-31 00:00:00	infl	2.047 		
2093-03-31 00:00:00	unemp	5.414 		
2093-06-30 00:00:00	realgdp	2766.217 		
2093-06-30 00:00:00	infl	2.324 		
2093-06-30 00:00:00	unemp	5.506 		
2093-09-30 00:00:00	realgdp	2780.387 		
2093-09-30 00:00:00	infl	2.056 		
2093-09-30 00:00:00	unemp	5.098 		
2093-12-31 00:00:00	realgdp	2782.535 		
2093-12-31 00:00:00	infl	2.326 		
2093-12-31 00:00:00	unemp	5.891 		
2094-03-31 00:00:00	realgdp	2795.400 		
2094-03-31 00:00:00	infl	2.732 		
2094-03-31 00:00:00	unemp	5.105 		
2094-06-30 00:00:00	realgdp	2737.535 		
2094-06-30 00:00:00	infl	2.738 		
2094-06-30 00:00:00	unemp	5.582 		
2094-09-30 00:00:00	realgdp	2755.297 		
2094-09-30 00:00:00	infl	2.133 		
2094-09-30 00:00:00	unemp	5.076 		
2094-12-31 00:00:00	realgdp	2741.251 		
2094-12-31 00:00:00	infl	2.092 		
2094-12-31 00:00:00	unemp	5.953 		
2095-03-31 00:00:00	realgdp	2775.091 		
2095-03-31 00:00:00	infl	2.761 		
2095-03-31 00:00:00	unemp	5.321 		
2095-06-30 00:00:00	realgdp	2705.688 		
2095-06-30 00:00:00	infl	2.556 		
2095-06-30 00:00:00	unemp	5.669 		
2095-09-30 00:00:00	realgdp	2796.167 		
2095-09-30 00:00:00	infl	2.491 		
2095-09-30 00:00:00	unemp	5.643 		
2095-12-31 00:00:00	realgdp	2749.048 		
2095-12-31 00:00:00	infl	2.358 		
2095-12-31 00:00:00	unemp	5.938 		
2096-03-31 00:00:00	realgdp	2737.113 		
2096-03-31 00:00:00	infl	2.243 		
2096-03-31 00:00:00	unemp	5.744 		
2096-06-30 00:00:00	realgdp	2741.468 		
2096-06-30 00:00:00	infl	2.376 		
2096-06-30 00:00:00	unemp	5.202 		
2096-09-30 00:00:00	realgdp	2703.714 		
2096-09-30 00:00:00	infl	2.378 		
2096-09-30 00:00:00	unemp	5.547 		
2096-12-31 00:00:00	realgdp	2741.328 		
2096-12-31 00:00:00	infl	2.065 		
2096-12-31 00:00:00	unemp	5.665 		
2097-03-31 00:00:00	realgdp	2778.699 		
2097-03-31 00:00:00	infl	2.395 		
2097-03-31 00:00:00	unemp	5.172 		
2097-06-30 00:00:00	realgdp	2722.941 		
2097-06-30 00:00:00	infl	2.876 		
2097-06-30 00:00:00	unemp	5.736 		
2097-09-30 00:00:00	realgdp	2721.948 		
2097-09-30 00:00:00	infl	2.769 		
2097-09-30 00:00:00	unemp	5.000 		
2097-12-31 00:00:00	realgdp	2794.590 		
2097-12-31 00:00:00	infl	2.126 		
2097-12-31 00:00:00	unemp	5.366 		
2098-03-31 00:00:00	realgdp	2761.952 		
2098-03-31 00:00:00	infl	2.499 		
2098-03-31 00:00:00	unemp	5.183 		
2098-06-30 00:00:00	realgdp	2777.550 		
2098-06-30 00:00:00	infl	2.466 		
2098-06-30 00:00:00	unemp	5.381 		
2098-09-30 00:00:00	realgdp	2749.281 		
2098-09-30 00:00:00	infl	2.446 		
2098-09-30 00:00:00	unemp	5.364 		
2098-12-31 00:00:00	realgdp	2752.069 		
2098-12-31 00:00:00	infl	2.944 		
2098-12-31 00:00:00	unemp	5.945 		
2099-03-31 00:00:00	realgdp	2707.749 		
2099-03-31 00:00:00	infl	2.778 		
2099-03-31 00:00:00	unemp	5.660 		
2099-06-30 00:00:00	realgdp	2760.589 		
2099-06-30 00:00:00	infl	2.128 		
2099-06-30 00:00:00	unemp	5.428 		
2099-09-30 00:00:00	realgdp	2792.888 		
2099-09-30 00:00:00	infl	2.663 		
2099-09-30 00:00:00	unemp	5.635 		
2099-12-31 00:00:00	realgdp	2796.171 		
2099-12-31 00:00:00	infl	2.417 		
2099-12-31 00:00:00	unemp	5.292 		
2100-03-31 00:00:00	realgdp	2746.762 		
2100-03-31 00:00:00	infl	2.576 		
2100-03-31 00:00:00	unemp	5.691 		
2100-06-30 00:00:00	realgdp	2795.554 		
2100-06-30 00:00:00	infl	2.471 		
2100-06-30 00:00:00	unemp	5.480 		
2100-09-30 00:00:00	realgdp	2755.738 		
2100-09-30 00:00:00	infl	2.918 		
2100-09-30 00:00:00	unemp	5.805 		
2100-12-31 00:00:00	realgdp	2712.400 		
2100-12-31 00:00:00	infl	2.212 		
2100-12-31 00:00:00	unemp	5.920 		
2101-03-31 00:00:00	realgdp	2783.170 		
2101-03-31 00:00:00	infl	2.850 		
2101-03-31 00:00:00	unemp	5.250 		
2101-06-30 00:00:00	realgdp	2769.112 		
2101-06-30 00:00:00	infl	2.321 		
2101-06-30 00:00:00	unemp	5.476 		
2101-09-30 00:00:00	realgdp	2788.308 		
2101-09-30 00:00:00	infl	2.754 		
2101-09-30 00:00:00	unemp	5.553 		
2101-12-31 00:00:00	realgdp	2783.450 		
2101-12-31 00:00:00	infl	2.210 		
2101-12-31 00:00:00	unemp	5.521 		
2102-03-31 00:00:00	realgdp	2781.697 		
2102-03-31 00:00:00	infl	2.156 		
2102-03-31 00:00:00	unemp	5.980 		
2102-06-30 00:00:00	realgdp	2745.890 		
2102-06-30 00:00:00	infl	2.642 		
2102-06-30 00:00:00	unemp	5.169 		
2102-09-30 00:00:00	realgdp	2749.702 		
2102-09-30 00:00:00	infl	2.394 		
2102-09-30 00:00:00	unemp	5.911 		
2102-12-31 00:00:00	realgdp	2758.065 		
2102-12-31 00:00:00	infl	2.225 		
2102-12-31 00:00:00	unemp	5.040 		
2103-03-31 00:00:00	realgdp	2798.237 		
2103-03-31 00:00:00	infl	2.192 		
2103-03-31 00:00:00	unemp	5.823 		
2103-06-30 00:00:00	realgdp	2732.122 		
2103-06-30 00:00:00	infl	2.372 		
2103-06-30 00:00:00	unemp	5.646 		
2103-09-30 00:00:00	realgdp	2776.280 		
2103-09-30 00:00:00	infl	2.448 		
2103-09-30 00:00:00	unemp	5.218 		
2103-12-31 00:00:00	realgdp	2799.848 		
2103-12-31 00:00:00	infl	2.782 		
2103-12-31 00:00:00	unemp	5.606 		
2104-03-31 00:00:00	realgdp	2775.917 		
2104-03-31 00:00:00	infl	2.409 		
2104-03-31 00:00:00	unemp	5.245 		
2104-06-30 00:00:00	realgdp	2781.056 		
2104-06-30 00:00:00	infl	2.885 		
2104-06-30 00:00:00	unemp	5.013 		
2104-09-30 00:00:00	realgdp	2791.348 		
2104-09-30 00:00:00	infl	2.933 		
2104-09-30 00:00:00	unemp	5.717 		
2104-12-31 00:00:00	realgdp	2702.973 		
2104-12-31 00:00:00	infl	2.824 		
2104-12-31 00:00:00	unemp	5.220 		
2105-03-31 00:00:00	realgdp	2765.699 		
2105-03-31 00:00:00	infl	2.302 		
2105-03-31 00:00:00	unemp	5.905 		
2105-06-30 00:00:00	realgdp	2769.019 		
2105-06-30 00:00:00	infl	2.384 		
2105-06-30 00:00:00	unemp	5.091 		
2105-09-30 00:00:00	realgdp	2750.704 		
2105-09-30 00:00:00	infl	2.919 		
2105-09-30 00:00:00	unemp	5.105 		
2105-12-31 00:00:00	realgdp	2701.167 		
2105-12-31 00:00:00	infl	2.946 		
2105-12-31 00:00:00	unemp	5.895 		
2106-03-31 00:00:00	realgdp	2795.448 		
2106-03-31 00:00:00	infl	2.401 		
2106-03-31 00:00:00	unemp	5.590 		
2106-06-30 00:00:00	realgdp	2737.902 		
2106-06-30 00:00:00	infl	2.212 		
2106-06-30 00:00:00	unemp	5.563 		
2106-09-30 00:00:00	realgdp	2747.383 		
2106-09-30 00:00:00	infl	2.814 		
2106-09-30 00:00:00	unemp	5.358 		
2106-12-31 00:00:00	realgdp	2754.730 		
2106-12-31 00:00:00	infl	2.172 		
2106-12-31 00:00:00	unemp	5.532 		
2107-03-31 00:00:00	realgdp	2741.557 		
2107-03-31 00:00:00	infl	2.734 		
2107-03-31 00:00:00	unemp	5.020 		
2107-06-30 00:00:00	realgdp	2783.721 		
2107-06-30 00:00:00	infl	2.501 		
2107-06-30 00:00:00	unemp	5.567 		
2107-09-30 00:00:00	realgdp	2773.563 		
2107-09-30 00:00:00	infl	2.769 		
2107-09-30 00:00:00	unemp	5.239 		
2107-12-31 00:00:00	realgdp	2755.874 		
2107-12-31 00:00:00	infl	2.757 		
2107-12-31 00:00:00	unemp	5.878 		
2108-03-31 00:00:00	realgdp	2769.658 		
2108-03-31 00:00:00	infl	2.257 		
2108-03-31 00:00:00	unemp	5.433 		
2108-06-30 00:00:00	realgdp	2770.793 		
2108-06-30 00:00:00	infl	2.150 		
2108-06-30 00:00:00	unemp	5.576 		
2108-09-30 00:00:00	realgdp	2771.797 		
2108-09-30 00:00:00	infl	2.708 		
2108-09-30 00:00:00	unemp	5.629 		
2108-12-31 00:00:00	realgdp	2730.154 		
2108-12-31 00:00:00	infl	2.123 		
2108-12-31 00:00:00	unemp	5.100 		
2109-03-31 00:00:00	realgdp	2729.425 		
2109-03-31 00:00:00	infl	2.233 		
2109-03-31 00:00:00	unemp	5.431 		
2109-06-30 00:00:00	realgdp	2761.109 		
2109-06-30 00:00:00	infl	2.797 		
2109-06-30 00:00:00	unemp	5.386 		
2109-09-30 00:00:00	realgdp	2726.628 		
2109-09-30 00:00:00	infl	2.189 		
2109-09-30 00:00:00	unemp	5.928 		
2109-12-31 00:00:00	realgdp	2712.626 		
2109-12-31 00:00:00	infl	2.743 		
2109-12-31 00:00:00	unemp	5.819 		
2110-03-31 00:00:00	realgdp	2733.207 		
2110-03-31 00:00:00	infl	2.164 		
2110-03-31 00:00:00	unemp	5.964 		
2110-06-30 00:00:00	realgdp	2758.042 		
2110-06-30 00:00:00	infl	2.706 		
2110-06-30 00:00:00	unemp	5.103 		
2110-09-30 00:00:00	realgdp	2759.131 		
2110-09-30 00:00:00	infl	2.303 		
2110-09-30 00:00:00	unemp	5.040 		
2110-12-31 00:00:00	realgdp	2795.226 		
2110-12-31 00:00:00	infl	2.921 		
2110-12-31 00:00:00	unemp	5.498 		
2111-03-31 00:00:00	realgdp	2720.724 		
2111-03-31 00:00:00	infl	2.766 		
2111-03-31 00:00:00	unemp	5.243 		
2111-06-30 00:00:00	realgdp	2779.513 		
2111-06-30 00:00:00	infl	2.000 		
2111-06-30 00:00:00	unemp	5.638 		
2111-09-30 00:00:00	realgdp	2704.027 		
2111-09-30 00:00:00	infl	2.835 		
2111-09-30 00:00:00	unemp	5.599 		
2111-12-31 00:00:00	realgdp	2703.312 		
2111-12-31 00:00:00	infl	2.253 		
2111-12-31 00:00:00	unemp	5.379 		
2112-03-31 00:00:00	realgdp	2713.283 		
2112-03-31 00:00:00	infl	2.430 		
2112-03-31 00:00:00	unemp	5.838 		
2112-06-30 00:00:00	realgdp	2757.127 		
2112-06-30 00:00:00	infl	2.342 		
2112-06-30 00:00:00	unemp	5.151 		
2112-09-30 00:00:00	realgdp	2751.835 		
2112-09-30 00:00:00	infl	2.005 		
2112-09-30 00:00:00	unemp	5.320 		
2112-12-31 00:00:00	realgdp	2793.484 		
2112-12-31 00:00:00	infl	2.993 		
2112-12-31 00:00:00	unemp	5.230 		
2113-03-31 00:00:00	realgdp	2710.957 		
2113-03-31 00:00:00	infl	2.354 		
2113-03-31 00:00:00	unemp	5.676 		
2113-06-30 00:00:00	realgdp	2722.830 		
2113-06-30 00:00:00	infl	2.314 		
2113-06-30 00:00:00	unemp	5.988 		
2113-09-30 00:00:00	realgdp	2758.651 		
2113-09-30 00:00:00	infl	2.202 		
2113-09-30 00:00:00	unemp	5.355 		
2113-12-31 00:00:00	realgdp	2721.460 		
2113-12-31 00:00:00	infl	2.558 		
2113-12-31 00:00:00	unemp	5.416 		
2114-03-31 00:00:00	realgdp	2728.747 		
2114-03-31 00:00:00	infl	2.357 		
2114-03-31 00:00:00	unemp	5.508 		
2114-06-30 00:00:00	realgdp	2760.969 		
2114-06-30 00:00:00	infl	2.951 		
2114-06-30 00:00:00	unemp	5.448 		
2114-09-30 00:00:00	realgdp	2750.464 		
2114-09-30 00:00:00	infl	2.490 		
2114-09-30 00:00:00	unemp	5.521 		
2114-12-31 00:00:00	realgdp	2780.084 		
2114-12-31 00:00:00	infl	2.484 		
2114-12-31 00:00:00	unemp	5.736 		
2115-03-31 00:00:00	realgdp	2788.122 		
2115-03-31 00:00:00	infl	2.134 		
2115-03-31 00:00:00	unemp	5.515 		
2115-06-30 00:00:00	realgdp	2720.803 		
2115-06-30 00:00:00	infl	2.695 		
2115-06-30 00:00:00	unemp	5.399 		
2115-09-30 00:00:00	realgdp	2701.348 		
2115-09-30 00:00:00	infl	2.465 		
2115-09-30 00:00:00	unemp	5.556 		
2115-12-31 00:00:00	realgdp	2777.515 		
2115-12-31 00:00:00	infl	2.619 		
2115-12-31 00:00:00	unemp	5.263 		
2116-03-31 00:00:00	realgdp	2786.611 		
2116-03-31 00:00:00	infl	2.273 		
2116-03-31 00:00:00	unemp	5.017 		
2116-06-30 00:00:00	realgdp	2792.238 		
2116-06-30 00:00:00	infl	2.818 		
2116-06-30 00:00:00	unemp	5.009 		
2116-09-30 00:00:00	realgdp	2787.190 		
2116-09-30 00:00:00	infl	2.326 		
2116-09-30 00:00:00	unemp	5.451 		
2116-12-31 00:00:00	realgdp	2761.181 		
2116-12-31 00:00:00	infl	2.284 		
2116-12-31 00:00:00	unemp	5.537 		
2117-03-31 00:00:00	realgdp	2788.160 		
2117-03-31 00:00:00	infl	2.216 		
2117-03-31 00:00:00	unemp	5.195 		
2117-06-30 00:00:00	realgdp	2721.408 		
2117-06-30 00:00:00	infl	2.160 		
2117-06-30 00:00:00	unemp	5.419 		
2117-09-30 00:00:00	realgdp	2756.949 		
2117-09-30 00:00:00	infl	2.204 		
2117-09-30 00:00:00	unemp	5.237 		
2117-12-31 00:00:00	realgdp	2720.404 		
2117-12-31 00:00:00	infl	2.053 		
2117-12-31 00:00:00	unemp	5.086 		
2118-03-31 00:00:00	realgdp	2700.165 		
2118-03-31 00:00:00	infl	2.192 		
2118-03-31 00:00:00	unemp	5.623 		
2118-06-30 00:00:00	realgdp	2778.996 		
2118-06-30 00:00:00	infl	2.448 		
2118-06-30 00:00:00	unemp	5.577 		
2118-09-30 00:00:00	realgdp	2703.335 		
2118-09-30 00:00:00	infl	2.032 		
2118-09-30 00:00:00	unemp	5.864 		
2118-12-31 00:00:00	realgdp	2778.450 		
2118-12-31 00:00:00	infl	2.175 		
2118-12-31 00:00:00	unemp	5.712 		
2119-03-31 00:00:00	realgdp	2720.888 		
2119-03-31 00:00:00	infl	2.657 		
2119-03-31 00:00:00	unemp	5.373 		
2119-06-30 00:00:00	realgdp	2706.841 		
2119-06-30 00:00:00	infl	2.906 		
2119-06-30 00:00:00	unemp	5.061 		
2119-09-30 00:00:00	realgdp	2772.083 		
2119-09-30 00:00:00	infl	2.780 		
2119-09-30 00:00:00	unemp	5.145 		
2119-12-31 00:00:00	realgdp	2762.501 		
2119-12-31 00:00:00	infl	2.005 		
2119-12-31 00:00:00	unemp	5.671 		
2120-03-31 00:00:00	realgdp	2763.194 		
2120-03-31 00:00:00	infl	2.432 		
2120-03-31 00:00:00	unemp	5.713 		
2120-06-30 00:00:00	realgdp	2748.902 		
2120-06-30 00:00:00	infl	2.683 		
2120-06-30 00:00:00	unemp	5.486 		
2120-09-30 00:00:00	realgdp	2786.780 		
2120-09-30 00:00:00	infl	2.795 		
2120-09-30 00:00:00	unemp	5.482 		
2120-12-31 00:00:00	realgdp	2782.846 		
2120-12-31 00:00:00	infl	2.950 		
2120-12-31 00:00:00	unemp	5.233 		
2121-03-31 00:00:00	realgdp	2727.172 		
2121-03-31 00:00:00	infl	2.513 		
2121-03-31 00:00:00	unemp	5.155 		
2121-06-30 00:00:00	realgdp	2792.806 		
2121-06-30 00:00:00	infl	2.624 		
2121-06-30 00:00:00	unemp	5.108 		
2121-09-30 00:00:00	realgdp	2742.052 		
2121-09-30 00:00:00	infl	2.523 		
2121-09-30 00:00:00	unemp	5.459 		
2121-12-31 00:00:00	realgdp	2708.934 		
2121-12-31 00:00:00	infl	2.825 		
2121-12-31 00:00:00	unemp	5.576 		
2122-03-31 00:00:00	realgdp	2731.929 		
2122-03-31 00:00:00	infl	2.201 		
2122-03-31 00:00:00	unemp	5.512 		
2122-06-30 00:00:00	realgdp	2732.726 		
2122-06-30 00:00:00	infl	2.888 		
2122-06-30 00:00:00	unemp	5.676 		
2122-09-30 00:00:00	realgdp	2722.397 		
2122-09-30 00:00:00	infl	2.154 		
2122-09-30 00:00:00	unemp	5.888 		
2122-12-31 00:00:00	realgdp	2750.406 		
2122-12-31 00:00:00	infl	2.349 		
2122-12-31 00:00:00	unemp	5.375 		
2123-03-31 00:00:00	realgdp	2751.280 		
2123-03-31 00:00:00	infl	2.962 		
2123-03-31 00:00:00	unemp	5.400 		
2123-06-30 00:00:00	realgdp	2729.818 		
2123-06-30 00:00:00	infl	2.119 		
2123-06-30 00:00:00	unemp	5.504 		
2123-09-30 00:00:00	realgdp	2703.865 		
2123-09-30 00:00:00	infl	2.925 		
2123-09-30 00:00:00	unemp	5.487 		
2123-12-31 00:00:00	realgdp	2780.556 		
2123-12-31 00:00:00	infl	2.101 		
2123-12-31 00:00:00	unemp	5.190 		
